Group,System (SVE or Biopile),Electricity provider (TianGong),"Climate change, t CO2-eq",Note,,,"LIVE RESULTS BOARD  ·  SVE vs biopile, 1,000 m3 TPH soil  ·  updates as rows are typed in columns A-E"
,,,,,,,"Paper (Jeong & Suh 2011, Table 5): SVE 360 t, biopile 52.1 t CO2, ratio 6.9"

,,,,,,,Summary,entries,min,median,max,mean,paper (t)
,,,,,,,SVE,"=COUNTIF($B$2:$B$500,""SVE"")","=IFERROR(MINIFS($D$2:$D$500,$B$2:$B$500,""SVE""),"""")","=IFERROR(MEDIAN(FILTER($D$2:$D$500,$B$2:$B$500=""SVE"")),"""")","=IFERROR(MAXIFS($D$2:$D$500,$B$2:$B$500,""SVE""),"""")","=IFERROR(AVERAGEIF($B$2:$B$500,""SVE"",$D$2:$D$500),"""")",360
,,,,,,,Biopile,"=COUNTIF($B$2:$B$500,""Biopile"")","=IFERROR(MINIFS($D$2:$D$500,$B$2:$B$500,""Biopile""),"""")","=IFERROR(MEDIAN(FILTER($D$2:$D$500,$B$2:$B$500=""Biopile"")),"""")","=IFERROR(MAXIFS($D$2:$D$500,$B$2:$B$500,""Biopile""),"""")","=IFERROR(AVERAGEIF($B$2:$B$500,""Biopile"",$D$2:$D$500),"""")",52.1
,,,,,,,SVE / Biopile (medians),,,"=IFERROR(ROUND(K5/K6,2),"""")",,,6.9
,,,,,,,Groups reporting,"=IFERROR(COUNTA(UNIQUE(FILTER($A$2:$A$500,$A$2:$A$500<>""""))),0)"
,,,,,,,Median bars,"=SPARKLINE(K5:K6,{""charttype"",""column"";""color"",""#B8622E"";""ymin"",0})"

,,,,,,,By electricity provider,SVE mean (t),n,SVE bar,Biopile mean (t),n
,,,,,,,China average,"=IFERROR(ROUND(AVERAGEIFS($D$2:$D$500,$B$2:$B$500,""SVE"",$C$2:$C$500,""*""&H12&""*""),1),"""")","=COUNTIFS($B$2:$B$500,""SVE"",$C$2:$C$500,""*""&H12&""*"")","=IF(I12="""","""",SPARKLINE(I12,{""charttype"",""bar"";""max"",MAX($I$12:$I$42);""color1"",""#B8622E""}))","=IFERROR(ROUND(AVERAGEIFS($D$2:$D$500,$B$2:$B$500,""Biopile"",$C$2:$C$500,""*""&H12&""*""),1),"""")","=COUNTIFS($B$2:$B$500,""Biopile"",$C$2:$C$500,""*""&H12&""*"")"
,,,,,,,Anhui,"=IFERROR(ROUND(AVERAGEIFS($D$2:$D$500,$B$2:$B$500,""SVE"",$C$2:$C$500,""*""&H13&""*""),1),"""")","=COUNTIFS($B$2:$B$500,""SVE"",$C$2:$C$500,""*""&H13&""*"")","=IF(I13="""","""",SPARKLINE(I13,{""charttype"",""bar"";""max"",MAX($I$12:$I$42);""color1"",""#B8622E""}))","=IFERROR(ROUND(AVERAGEIFS($D$2:$D$500,$B$2:$B$500,""Biopile"",$C$2:$C$500,""*""&H13&""*""),1),"""")","=COUNTIFS($B$2:$B$500,""Biopile"",$C$2:$C$500,""*""&H13&""*"")"
,,,,,,,Beijing,"=IFERROR(ROUND(AVERAGEIFS($D$2:$D$500,$B$2:$B$500,""SVE"",$C$2:$C$500,""*""&H14&""*""),1),"""")","=COUNTIFS($B$2:$B$500,""SVE"",$C$2:$C$500,""*""&H14&""*"")","=IF(I14="""","""",SPARKLINE(I14,{""charttype"",""bar"";""max"",MAX($I$12:$I$42);""color1"",""#B8622E""}))","=IFERROR(ROUND(AVERAGEIFS($D$2:$D$500,$B$2:$B$500,""Biopile"",$C$2:$C$500,""*""&H14&""*""),1),"""")","=COUNTIFS($B$2:$B$500,""Biopile"",$C$2:$C$500,""*""&H14&""*"")"
,,,,,,,Chongqing,"=IFERROR(ROUND(AVERAGEIFS($D$2:$D$500,$B$2:$B$500,""SVE"",$C$2:$C$500,""*""&H15&""*""),1),"""")","=COUNTIFS($B$2:$B$500,""SVE"",$C$2:$C$500,""*""&H15&""*"")","=IF(I15="""","""",SPARKLINE(I15,{""charttype"",""bar"";""max"",MAX($I$12:$I$42);""color1"",""#B8622E""}))","=IFERROR(ROUND(AVERAGEIFS($D$2:$D$500,$B$2:$B$500,""Biopile"",$C$2:$C$500,""*""&H15&""*""),1),"""")","=COUNTIFS($B$2:$B$500,""Biopile"",$C$2:$C$500,""*""&H15&""*"")"
,,,,,,,Fujian,"=IFERROR(ROUND(AVERAGEIFS($D$2:$D$500,$B$2:$B$500,""SVE"",$C$2:$C$500,""*""&H16&""*""),1),"""")","=COUNTIFS($B$2:$B$500,""SVE"",$C$2:$C$500,""*""&H16&""*"")","=IF(I16="""","""",SPARKLINE(I16,{""charttype"",""bar"";""max"",MAX($I$12:$I$42);""color1"",""#B8622E""}))","=IFERROR(ROUND(AVERAGEIFS($D$2:$D$500,$B$2:$B$500,""Biopile"",$C$2:$C$500,""*""&H16&""*""),1),"""")","=COUNTIFS($B$2:$B$500,""Biopile"",$C$2:$C$500,""*""&H16&""*"")"
,,,,,,,Gansu,"=IFERROR(ROUND(AVERAGEIFS($D$2:$D$500,$B$2:$B$500,""SVE"",$C$2:$C$500,""*""&H17&""*""),1),"""")","=COUNTIFS($B$2:$B$500,""SVE"",$C$2:$C$500,""*""&H17&""*"")","=IF(I17="""","""",SPARKLINE(I17,{""charttype"",""bar"";""max"",MAX($I$12:$I$42);""color1"",""#B8622E""}))","=IFERROR(ROUND(AVERAGEIFS($D$2:$D$500,$B$2:$B$500,""Biopile"",$C$2:$C$500,""*""&H17&""*""),1),"""")","=COUNTIFS($B$2:$B$500,""Biopile"",$C$2:$C$500,""*""&H17&""*"")"
,,,,,,,Guangdong,"=IFERROR(ROUND(AVERAGEIFS($D$2:$D$500,$B$2:$B$500,""SVE"",$C$2:$C$500,""*""&H18&""*""),1),"""")","=COUNTIFS($B$2:$B$500,""SVE"",$C$2:$C$500,""*""&H18&""*"")","=IF(I18="""","""",SPARKLINE(I18,{""charttype"",""bar"";""max"",MAX($I$12:$I$42);""color1"",""#B8622E""}))","=IFERROR(ROUND(AVERAGEIFS($D$2:$D$500,$B$2:$B$500,""Biopile"",$C$2:$C$500,""*""&H18&""*""),1),"""")","=COUNTIFS($B$2:$B$500,""Biopile"",$C$2:$C$500,""*""&H18&""*"")"
,,,,,,,Guangxi,"=IFERROR(ROUND(AVERAGEIFS($D$2:$D$500,$B$2:$B$500,""SVE"",$C$2:$C$500,""*""&H19&""*""),1),"""")","=COUNTIFS($B$2:$B$500,""SVE"",$C$2:$C$500,""*""&H19&""*"")","=IF(I19="""","""",SPARKLINE(I19,{""charttype"",""bar"";""max"",MAX($I$12:$I$42);""color1"",""#B8622E""}))","=IFERROR(ROUND(AVERAGEIFS($D$2:$D$500,$B$2:$B$500,""Biopile"",$C$2:$C$500,""*""&H19&""*""),1),"""")","=COUNTIFS($B$2:$B$500,""Biopile"",$C$2:$C$500,""*""&H19&""*"")"
,,,,,,,Guizhou,"=IFERROR(ROUND(AVERAGEIFS($D$2:$D$500,$B$2:$B$500,""SVE"",$C$2:$C$500,""*""&H20&""*""),1),"""")","=COUNTIFS($B$2:$B$500,""SVE"",$C$2:$C$500,""*""&H20&""*"")","=IF(I20="""","""",SPARKLINE(I20,{""charttype"",""bar"";""max"",MAX($I$12:$I$42);""color1"",""#B8622E""}))","=IFERROR(ROUND(AVERAGEIFS($D$2:$D$500,$B$2:$B$500,""Biopile"",$C$2:$C$500,""*""&H20&""*""),1),"""")","=COUNTIFS($B$2:$B$500,""Biopile"",$C$2:$C$500,""*""&H20&""*"")"
,,,,,,,Hainan,"=IFERROR(ROUND(AVERAGEIFS($D$2:$D$500,$B$2:$B$500,""SVE"",$C$2:$C$500,""*""&H21&""*""),1),"""")","=COUNTIFS($B$2:$B$500,""SVE"",$C$2:$C$500,""*""&H21&""*"")","=IF(I21="""","""",SPARKLINE(I21,{""charttype"",""bar"";""max"",MAX($I$12:$I$42);""color1"",""#B8622E""}))","=IFERROR(ROUND(AVERAGEIFS($D$2:$D$500,$B$2:$B$500,""Biopile"",$C$2:$C$500,""*""&H21&""*""),1),"""")","=COUNTIFS($B$2:$B$500,""Biopile"",$C$2:$C$500,""*""&H21&""*"")"
,,,,,,,Hebei,"=IFERROR(ROUND(AVERAGEIFS($D$2:$D$500,$B$2:$B$500,""SVE"",$C$2:$C$500,""*""&H22&""*""),1),"""")","=COUNTIFS($B$2:$B$500,""SVE"",$C$2:$C$500,""*""&H22&""*"")","=IF(I22="""","""",SPARKLINE(I22,{""charttype"",""bar"";""max"",MAX($I$12:$I$42);""color1"",""#B8622E""}))","=IFERROR(ROUND(AVERAGEIFS($D$2:$D$500,$B$2:$B$500,""Biopile"",$C$2:$C$500,""*""&H22&""*""),1),"""")","=COUNTIFS($B$2:$B$500,""Biopile"",$C$2:$C$500,""*""&H22&""*"")"
,,,,,,,Heilongjiang,"=IFERROR(ROUND(AVERAGEIFS($D$2:$D$500,$B$2:$B$500,""SVE"",$C$2:$C$500,""*""&H23&""*""),1),"""")","=COUNTIFS($B$2:$B$500,""SVE"",$C$2:$C$500,""*""&H23&""*"")","=IF(I23="""","""",SPARKLINE(I23,{""charttype"",""bar"";""max"",MAX($I$12:$I$42);""color1"",""#B8622E""}))","=IFERROR(ROUND(AVERAGEIFS($D$2:$D$500,$B$2:$B$500,""Biopile"",$C$2:$C$500,""*""&H23&""*""),1),"""")","=COUNTIFS($B$2:$B$500,""Biopile"",$C$2:$C$500,""*""&H23&""*"")"
,,,,,,,Henan,"=IFERROR(ROUND(AVERAGEIFS($D$2:$D$500,$B$2:$B$500,""SVE"",$C$2:$C$500,""*""&H24&""*""),1),"""")","=COUNTIFS($B$2:$B$500,""SVE"",$C$2:$C$500,""*""&H24&""*"")","=IF(I24="""","""",SPARKLINE(I24,{""charttype"",""bar"";""max"",MAX($I$12:$I$42);""color1"",""#B8622E""}))","=IFERROR(ROUND(AVERAGEIFS($D$2:$D$500,$B$2:$B$500,""Biopile"",$C$2:$C$500,""*""&H24&""*""),1),"""")","=COUNTIFS($B$2:$B$500,""Biopile"",$C$2:$C$500,""*""&H24&""*"")"
,,,,,,,Hubei,"=IFERROR(ROUND(AVERAGEIFS($D$2:$D$500,$B$2:$B$500,""SVE"",$C$2:$C$500,""*""&H25&""*""),1),"""")","=COUNTIFS($B$2:$B$500,""SVE"",$C$2:$C$500,""*""&H25&""*"")","=IF(I25="""","""",SPARKLINE(I25,{""charttype"",""bar"";""max"",MAX($I$12:$I$42);""color1"",""#B8622E""}))","=IFERROR(ROUND(AVERAGEIFS($D$2:$D$500,$B$2:$B$500,""Biopile"",$C$2:$C$500,""*""&H25&""*""),1),"""")","=COUNTIFS($B$2:$B$500,""Biopile"",$C$2:$C$500,""*""&H25&""*"")"
,,,,,,,Hunan,"=IFERROR(ROUND(AVERAGEIFS($D$2:$D$500,$B$2:$B$500,""SVE"",$C$2:$C$500,""*""&H26&""*""),1),"""")","=COUNTIFS($B$2:$B$500,""SVE"",$C$2:$C$500,""*""&H26&""*"")","=IF(I26="""","""",SPARKLINE(I26,{""charttype"",""bar"";""max"",MAX($I$12:$I$42);""color1"",""#B8622E""}))","=IFERROR(ROUND(AVERAGEIFS($D$2:$D$500,$B$2:$B$500,""Biopile"",$C$2:$C$500,""*""&H26&""*""),1),"""")","=COUNTIFS($B$2:$B$500,""Biopile"",$C$2:$C$500,""*""&H26&""*"")"
,,,,,,,Inner Mongolia,"=IFERROR(ROUND(AVERAGEIFS($D$2:$D$500,$B$2:$B$500,""SVE"",$C$2:$C$500,""*""&H27&""*""),1),"""")","=COUNTIFS($B$2:$B$500,""SVE"",$C$2:$C$500,""*""&H27&""*"")","=IF(I27="""","""",SPARKLINE(I27,{""charttype"",""bar"";""max"",MAX($I$12:$I$42);""color1"",""#B8622E""}))","=IFERROR(ROUND(AVERAGEIFS($D$2:$D$500,$B$2:$B$500,""Biopile"",$C$2:$C$500,""*""&H27&""*""),1),"""")","=COUNTIFS($B$2:$B$500,""Biopile"",$C$2:$C$500,""*""&H27&""*"")"
,,,,,,,Jiangsu,"=IFERROR(ROUND(AVERAGEIFS($D$2:$D$500,$B$2:$B$500,""SVE"",$C$2:$C$500,""*""&H28&""*""),1),"""")","=COUNTIFS($B$2:$B$500,""SVE"",$C$2:$C$500,""*""&H28&""*"")","=IF(I28="""","""",SPARKLINE(I28,{""charttype"",""bar"";""max"",MAX($I$12:$I$42);""color1"",""#B8622E""}))","=IFERROR(ROUND(AVERAGEIFS($D$2:$D$500,$B$2:$B$500,""Biopile"",$C$2:$C$500,""*""&H28&""*""),1),"""")","=COUNTIFS($B$2:$B$500,""Biopile"",$C$2:$C$500,""*""&H28&""*"")"
,,,,,,,Jiangxi,"=IFERROR(ROUND(AVERAGEIFS($D$2:$D$500,$B$2:$B$500,""SVE"",$C$2:$C$500,""*""&H29&""*""),1),"""")","=COUNTIFS($B$2:$B$500,""SVE"",$C$2:$C$500,""*""&H29&""*"")","=IF(I29="""","""",SPARKLINE(I29,{""charttype"",""bar"";""max"",MAX($I$12:$I$42);""color1"",""#B8622E""}))","=IFERROR(ROUND(AVERAGEIFS($D$2:$D$500,$B$2:$B$500,""Biopile"",$C$2:$C$500,""*""&H29&""*""),1),"""")","=COUNTIFS($B$2:$B$500,""Biopile"",$C$2:$C$500,""*""&H29&""*"")"
,,,,,,,Jilin,"=IFERROR(ROUND(AVERAGEIFS($D$2:$D$500,$B$2:$B$500,""SVE"",$C$2:$C$500,""*""&H30&""*""),1),"""")","=COUNTIFS($B$2:$B$500,""SVE"",$C$2:$C$500,""*""&H30&""*"")","=IF(I30="""","""",SPARKLINE(I30,{""charttype"",""bar"";""max"",MAX($I$12:$I$42);""color1"",""#B8622E""}))","=IFERROR(ROUND(AVERAGEIFS($D$2:$D$500,$B$2:$B$500,""Biopile"",$C$2:$C$500,""*""&H30&""*""),1),"""")","=COUNTIFS($B$2:$B$500,""Biopile"",$C$2:$C$500,""*""&H30&""*"")"
,,,,,,,Liaoning,"=IFERROR(ROUND(AVERAGEIFS($D$2:$D$500,$B$2:$B$500,""SVE"",$C$2:$C$500,""*""&H31&""*""),1),"""")","=COUNTIFS($B$2:$B$500,""SVE"",$C$2:$C$500,""*""&H31&""*"")","=IF(I31="""","""",SPARKLINE(I31,{""charttype"",""bar"";""max"",MAX($I$12:$I$42);""color1"",""#B8622E""}))","=IFERROR(ROUND(AVERAGEIFS($D$2:$D$500,$B$2:$B$500,""Biopile"",$C$2:$C$500,""*""&H31&""*""),1),"""")","=COUNTIFS($B$2:$B$500,""Biopile"",$C$2:$C$500,""*""&H31&""*"")"
,,,,,,,Ningxia,"=IFERROR(ROUND(AVERAGEIFS($D$2:$D$500,$B$2:$B$500,""SVE"",$C$2:$C$500,""*""&H32&""*""),1),"""")","=COUNTIFS($B$2:$B$500,""SVE"",$C$2:$C$500,""*""&H32&""*"")","=IF(I32="""","""",SPARKLINE(I32,{""charttype"",""bar"";""max"",MAX($I$12:$I$42);""color1"",""#B8622E""}))","=IFERROR(ROUND(AVERAGEIFS($D$2:$D$500,$B$2:$B$500,""Biopile"",$C$2:$C$500,""*""&H32&""*""),1),"""")","=COUNTIFS($B$2:$B$500,""Biopile"",$C$2:$C$500,""*""&H32&""*"")"
,,,,,,,Qinghai,"=IFERROR(ROUND(AVERAGEIFS($D$2:$D$500,$B$2:$B$500,""SVE"",$C$2:$C$500,""*""&H33&""*""),1),"""")","=COUNTIFS($B$2:$B$500,""SVE"",$C$2:$C$500,""*""&H33&""*"")","=IF(I33="""","""",SPARKLINE(I33,{""charttype"",""bar"";""max"",MAX($I$12:$I$42);""color1"",""#B8622E""}))","=IFERROR(ROUND(AVERAGEIFS($D$2:$D$500,$B$2:$B$500,""Biopile"",$C$2:$C$500,""*""&H33&""*""),1),"""")","=COUNTIFS($B$2:$B$500,""Biopile"",$C$2:$C$500,""*""&H33&""*"")"
,,,,,,,Shaanxi,"=IFERROR(ROUND(AVERAGEIFS($D$2:$D$500,$B$2:$B$500,""SVE"",$C$2:$C$500,""*""&H34&""*""),1),"""")","=COUNTIFS($B$2:$B$500,""SVE"",$C$2:$C$500,""*""&H34&""*"")","=IF(I34="""","""",SPARKLINE(I34,{""charttype"",""bar"";""max"",MAX($I$12:$I$42);""color1"",""#B8622E""}))","=IFERROR(ROUND(AVERAGEIFS($D$2:$D$500,$B$2:$B$500,""Biopile"",$C$2:$C$500,""*""&H34&""*""),1),"""")","=COUNTIFS($B$2:$B$500,""Biopile"",$C$2:$C$500,""*""&H34&""*"")"
,,,,,,,Shandong,"=IFERROR(ROUND(AVERAGEIFS($D$2:$D$500,$B$2:$B$500,""SVE"",$C$2:$C$500,""*""&H35&""*""),1),"""")","=COUNTIFS($B$2:$B$500,""SVE"",$C$2:$C$500,""*""&H35&""*"")","=IF(I35="""","""",SPARKLINE(I35,{""charttype"",""bar"";""max"",MAX($I$12:$I$42);""color1"",""#B8622E""}))","=IFERROR(ROUND(AVERAGEIFS($D$2:$D$500,$B$2:$B$500,""Biopile"",$C$2:$C$500,""*""&H35&""*""),1),"""")","=COUNTIFS($B$2:$B$500,""Biopile"",$C$2:$C$500,""*""&H35&""*"")"
,,,,,,,Shanghai,"=IFERROR(ROUND(AVERAGEIFS($D$2:$D$500,$B$2:$B$500,""SVE"",$C$2:$C$500,""*""&H36&""*""),1),"""")","=COUNTIFS($B$2:$B$500,""SVE"",$C$2:$C$500,""*""&H36&""*"")","=IF(I36="""","""",SPARKLINE(I36,{""charttype"",""bar"";""max"",MAX($I$12:$I$42);""color1"",""#B8622E""}))","=IFERROR(ROUND(AVERAGEIFS($D$2:$D$500,$B$2:$B$500,""Biopile"",$C$2:$C$500,""*""&H36&""*""),1),"""")","=COUNTIFS($B$2:$B$500,""Biopile"",$C$2:$C$500,""*""&H36&""*"")"
,,,,,,,Shanxi,"=IFERROR(ROUND(AVERAGEIFS($D$2:$D$500,$B$2:$B$500,""SVE"",$C$2:$C$500,""*""&H37&""*""),1),"""")","=COUNTIFS($B$2:$B$500,""SVE"",$C$2:$C$500,""*""&H37&""*"")","=IF(I37="""","""",SPARKLINE(I37,{""charttype"",""bar"";""max"",MAX($I$12:$I$42);""color1"",""#B8622E""}))","=IFERROR(ROUND(AVERAGEIFS($D$2:$D$500,$B$2:$B$500,""Biopile"",$C$2:$C$500,""*""&H37&""*""),1),"""")","=COUNTIFS($B$2:$B$500,""Biopile"",$C$2:$C$500,""*""&H37&""*"")"
,,,,,,,Sichuan,"=IFERROR(ROUND(AVERAGEIFS($D$2:$D$500,$B$2:$B$500,""SVE"",$C$2:$C$500,""*""&H38&""*""),1),"""")","=COUNTIFS($B$2:$B$500,""SVE"",$C$2:$C$500,""*""&H38&""*"")","=IF(I38="""","""",SPARKLINE(I38,{""charttype"",""bar"";""max"",MAX($I$12:$I$42);""color1"",""#B8622E""}))","=IFERROR(ROUND(AVERAGEIFS($D$2:$D$500,$B$2:$B$500,""Biopile"",$C$2:$C$500,""*""&H38&""*""),1),"""")","=COUNTIFS($B$2:$B$500,""Biopile"",$C$2:$C$500,""*""&H38&""*"")"
,,,,,,,Tianjin,"=IFERROR(ROUND(AVERAGEIFS($D$2:$D$500,$B$2:$B$500,""SVE"",$C$2:$C$500,""*""&H39&""*""),1),"""")","=COUNTIFS($B$2:$B$500,""SVE"",$C$2:$C$500,""*""&H39&""*"")","=IF(I39="""","""",SPARKLINE(I39,{""charttype"",""bar"";""max"",MAX($I$12:$I$42);""color1"",""#B8622E""}))","=IFERROR(ROUND(AVERAGEIFS($D$2:$D$500,$B$2:$B$500,""Biopile"",$C$2:$C$500,""*""&H39&""*""),1),"""")","=COUNTIFS($B$2:$B$500,""Biopile"",$C$2:$C$500,""*""&H39&""*"")"
,,,,,,,Xinjiang,"=IFERROR(ROUND(AVERAGEIFS($D$2:$D$500,$B$2:$B$500,""SVE"",$C$2:$C$500,""*""&H40&""*""),1),"""")","=COUNTIFS($B$2:$B$500,""SVE"",$C$2:$C$500,""*""&H40&""*"")","=IF(I40="""","""",SPARKLINE(I40,{""charttype"",""bar"";""max"",MAX($I$12:$I$42);""color1"",""#B8622E""}))","=IFERROR(ROUND(AVERAGEIFS($D$2:$D$500,$B$2:$B$500,""Biopile"",$C$2:$C$500,""*""&H40&""*""),1),"""")","=COUNTIFS($B$2:$B$500,""Biopile"",$C$2:$C$500,""*""&H40&""*"")"
,,,,,,,Yunnan,"=IFERROR(ROUND(AVERAGEIFS($D$2:$D$500,$B$2:$B$500,""SVE"",$C$2:$C$500,""*""&H41&""*""),1),"""")","=COUNTIFS($B$2:$B$500,""SVE"",$C$2:$C$500,""*""&H41&""*"")","=IF(I41="""","""",SPARKLINE(I41,{""charttype"",""bar"";""max"",MAX($I$12:$I$42);""color1"",""#B8622E""}))","=IFERROR(ROUND(AVERAGEIFS($D$2:$D$500,$B$2:$B$500,""Biopile"",$C$2:$C$500,""*""&H41&""*""),1),"""")","=COUNTIFS($B$2:$B$500,""Biopile"",$C$2:$C$500,""*""&H41&""*"")"
,,,,,,,Zhejiang,"=IFERROR(ROUND(AVERAGEIFS($D$2:$D$500,$B$2:$B$500,""SVE"",$C$2:$C$500,""*""&H42&""*""),1),"""")","=COUNTIFS($B$2:$B$500,""SVE"",$C$2:$C$500,""*""&H42&""*"")","=IF(I42="""","""",SPARKLINE(I42,{""charttype"",""bar"";""max"",MAX($I$12:$I$42);""color1"",""#B8622E""}))","=IFERROR(ROUND(AVERAGEIFS($D$2:$D$500,$B$2:$B$500,""Biopile"",$C$2:$C$500,""*""&H42&""*""),1),"""")","=COUNTIFS($B$2:$B$500,""Biopile"",$C$2:$C$500,""*""&H42&""*"")"

,,,,,,,Latest 8 entries
,,,,,,,"=IFERROR(QUERY({$A$2:$D$500},""select Col1,Col2,Col3,Col4 where Col1 is not null order by Col1 desc limit 8"",0),"""")"





