method,value,unit
Acidification,312.6216742259062,mol H+ equivalents
Climate change,45878.315229669584,kg CO2 Equivalents
Climate change-Biogenic,0.0,kg CO2-Equivalents
Climate change-Fossil,45878.315229669584,kg CO2 Equivalents
Climate change-Land use and land use change,0.0,kg CO2-Equivalents
"Ecotoxicity, freshwater",169.3963223076476,CTUe
"Ecotoxicity, freshwater_inorganics",51.329250889023456,CTUe
"Ecotoxicity, freshwater_organics",118.06707141862414,CTUe
EF-particulate Matter,0.000773548092208243,disease incidence
Eutrophication marine,155.6514571357422,kg N equivalents
"Eutrophication, freshwater",0.0015165000000000007,kg P equivalents
"Eutrophication, terrestrial",1704.665890278231,mol N equivalents
"Human toxicity, cancer",4.864398715086962e-07, CTUh 
"Human toxicity, cancer_inorganics",1.26544473008256e-08, CTUh 
"Human toxicity, cancer_organics",4.737854242078706e-07, CTUh 
"Human toxicity, non-cancer",2.8079989645989447e-06,CTUh
"Human toxicity, non-cancer_inorganics",1.123341092665021e-06,CTUh
"Human toxicity, non-cancer_organics",1.6846578719339236e-06,CTUh
"Ionising radiation, human health",0.0,kBq U235 equivalents
Land use,0.0,dimensionless (pt)
Ozone depletion,0.0,kg CFC11 equivalents
Photochemical ozone formation - human health,501.5146604173076,kg NMVOC equivalents
"Resource use, fossils",162.15871831318,MJ
"Resource use, minerals and metals",0.0,kg Sb equivalents
Water use,10177.228612910312,m3-world equivalents
