method,unit,transport,excavation,preparation,operation,gac,backfill
Acidification,mol H+ equivalents,1.2877198466412219,0.0,286.7242172664816,16.26555195629305,8.535027240000002,0.0
Climate change,kg CO2 Equivalents,300.0769758797486,2152.04,3509.6318107203483,37822.800049705875,0.0,2152.04
Climate change-Biogenic,kg CO2-Equivalents,0.0,0.0,0.0,0.0,0.0,0.0
Climate change-Fossil,kg CO2 Equivalents,300.0769758797486,2152.04,3509.6318107203483,37822.800049705875,0.0,2152.04
Climate change-Land use and land use change,kg CO2-Equivalents,0.0,0.0,0.0,0.0,0.0,0.0
"Ecotoxicity, freshwater",CTUe,5.419263108714236,0.0,165.63510834988733,0.029354544023214076,0.0,0.0
"Ecotoxicity, freshwater_inorganics",CTUe,4.761092441900667,0.0,48.15135776054166,4.861921316411893e-08,0.0,0.0
"Ecotoxicity, freshwater_organics",CTUe,0.6581706668135692,0.0,117.48375058934568,0.02935449540400091,0.0,0.0
EF-particulate Matter,disease incidence,5.756865287982238e-05,0.0,0.000631592854962239,6.898140695300097e-05,3.80818368e-05,0.0
Eutrophication marine,kg N equivalents,0.6611325348615836,0.0,149.1716418747056,4.044436500439646,1.8710464320000004,0.0
"Eutrophication, freshwater",kg P equivalents,0.0,0.0,1.5918175648152058e-19,0.0015165,0.0,0.0
"Eutrophication, terrestrial",mol N equivalents,7.371749641491278,0.0,1633.602042154973,44.291261111729135,20.49012288,0.0
"Human toxicity, cancer", CTUh ,2.0372739616542454e-08,0.0,4.676801674116159e-07,6.10527770473962e-09,0.0,0.0
"Human toxicity, cancer_inorganics", CTUh ,2.0372739616542454e-08,0.0,0.0,0.0,0.0,0.0
"Human toxicity, cancer_organics", CTUh ,0.0,0.0,4.676801674116159e-07,6.10527770473962e-09,0.0,0.0
"Human toxicity, non-cancer",CTUh,1.929536327067864e-06,0.0,1.6573899696896575e-06,1.7493493319134568e-09,0.0,0.0
"Human toxicity, non-cancer_inorganics",CTUh,1.8949748068047924e-06,0.0,0.0,0.0,0.0,0.0
"Human toxicity, non-cancer_organics",CTUh,3.456152026307139e-08,0.0,1.6573899696896575e-06,1.7493493319134568e-09,0.0,0.0
"Ionising radiation, human health",kBq U235 equivalents,0.0,0.0,0.0,0.0,0.0,0.0
Land use,dimensionless (pt),0.0,0.0,0.0,0.0,0.0,0.0
Ozone depletion,kg CFC11 equivalents,0.0,0.0,0.0,0.0,0.0,0.0
Photochemical ozone formation - human health,kg NMVOC equivalents,1.7944166035856846,0.0,483.9281160648387,10.940327142979985,5.117926237200001,0.0
"Resource use, fossils",MJ,0.0,0.0,63.69012577798594,98.4687264742903,0.0,0.0
"Resource use, minerals and metals",kg Sb equivalents,0.0,0.0,0.0,0.0,0.0,0.0
Water use,m3-world equivalents,0.0,0.0,113.25802313579251,10165.906865365918,0.0,0.0
