method,elementary flow,contribution,unit,inventory g
Acidification,Nitrogen oxides [out],283.6864000000029,mol H+ equivalents,383.36000000000394
Acidification,sulfur dioxide [out],16.500445440153964,mol H+ equivalents,12.595759877980125
Acidification,Nitrogen oxides [out],12.593160973310118,mol H+ equivalents,17.017785099067726
Acidification,ammonia [out],0.03188626775865887,mol H+ equivalents,0.010558366807502937
Acidification,nitrogen monoxide [out],0.0006236281925901288,mol H+ equivalents,0.0005496119511312794
Climate change,carbon dioxide (fossil) [out],45901.18828314694,kg CO2 Equivalents,45901.18828314694
Climate change,carbon dioxide (fossil) [out],12.79455517054499,kg CO2 Equivalents,12.79455517054499
Climate change,methane (fossil) [out],12.6037418805638,kg CO2 Equivalents,0.42294435840818123
Climate change,ethane [out],8.376416000000086,kg CO2 Equivalents,19.168000000000198
Climate change,nitrous oxide [out],1.6230854546548206,kg CO2 Equivalents,0.005945367965768574
Climate change,carbon dioxide (fossil) [out],0.0020769201627104214,kg CO2 Equivalents,0.0020769201627104214
Climate change,chloroform [out],0.0005561999999999991,kg CO2 Equivalents,2.6999999999999955e-05
Climate change,methane (fossil) [out],0.00012153314494606371,kg CO2 Equivalents,4.0782934545658965e-06
Climate change-Fossil,carbon dioxide (fossil) [out],45901.18828314694,kg CO2 Equivalents,45901.18828314694
Climate change-Fossil,carbon dioxide (fossil) [out],12.79455517054499,kg CO2 Equivalents,12.79455517054499
Climate change-Fossil,methane (fossil) [out],12.6037418805638,kg CO2 Equivalents,0.42294435840818123
Climate change-Fossil,ethane [out],8.376416000000086,kg CO2 Equivalents,19.168000000000198
Climate change-Fossil,nitrous oxide [out],1.6230854546548206,kg CO2 Equivalents,0.005945367965768574
Climate change-Fossil,carbon dioxide (fossil) [out],0.0020769201627104214,kg CO2 Equivalents,0.0020769201627104214
Climate change-Fossil,chloroform [out],0.0005561999999999991,kg CO2 Equivalents,2.6999999999999955e-05
Climate change-Fossil,methane (fossil) [out],0.00012153314494606371,kg CO2 Equivalents,4.0782934545658965e-06
"Ecotoxicity, freshwater","1,1,2-trichloroethane [out]",115.3306799999998,CTUe,1.0439999999999983
"Ecotoxicity, freshwater",carbon monoxide (fossil) [out],48.1513577600005,CTUe,2108.480000000022
"Ecotoxicity, freshwater",cadmium [out],2.043850467342916,CTUe,8.581217105176037e-06
"Ecotoxicity, freshwater",ammonia [out],1.4192556662645448,CTUe,0.010558366807502937
"Ecotoxicity, freshwater",hydrocarbons (unspecified) [out],1.355265054000014,CTUe,395.34000000000407
"Ecotoxicity, freshwater",volatile organic compound [out],0.8192481413461329,CTUe,0.42729262053206746
"Ecotoxicity, freshwater",nickel [out],0.6671779606602758,CTUe,6.898398306350644e-05
"Ecotoxicity, freshwater",ethane [out],0.27684342400000284,CTUe,19.168000000000198
"Ecotoxicity, freshwater",benzene [out],0.2515495272066545,CTUe,0.3063418262496706
"Ecotoxicity, freshwater",chromium [out],0.20398199672546347,CTUe,4.757030467975288e-05
"Ecotoxicity, freshwater",mercury [out],0.19684485722618814,CTUe,1.2323834767233631e-05
"Ecotoxicity, freshwater",zinc [out],0.13644943358894351,CTUe,0.0002171043165353369
"Ecotoxicity, freshwater",methane (fossil) [out],0.13523222915743188,CTUe,0.42294435840818123
"Ecotoxicity, freshwater",arsenic [out],0.03351756371374767,CTUe,2.8013543568678998e-05
"Ecotoxicity, freshwater",cobalt [out],0.02118682570385562,CTUe,1.0517123121197754e-05
"Ecotoxicity, freshwater_inorganics",carbon monoxide (fossil) [out],48.1513577600005,CTUe,2108.480000000022
"Ecotoxicity, freshwater_inorganics",cadmium [out],2.043850467342916,CTUe,8.581217105176037e-06
"Ecotoxicity, freshwater_inorganics",ammonia [out],1.4192556662645448,CTUe,0.010558366807502937
"Ecotoxicity, freshwater_inorganics",nickel [out],0.6671779606602758,CTUe,6.898398306350644e-05
"Ecotoxicity, freshwater_inorganics",chromium [out],0.20398199672546347,CTUe,4.757030467975288e-05
"Ecotoxicity, freshwater_inorganics",mercury [out],0.19684485722618814,CTUe,1.2323834767233631e-05
"Ecotoxicity, freshwater_inorganics",zinc [out],0.13644943358894351,CTUe,0.0002171043165353369
"Ecotoxicity, freshwater_inorganics",arsenic [out],0.03351756371374767,CTUe,2.8013543568678998e-05
"Ecotoxicity, freshwater_inorganics",cobalt [out],0.02118682570385562,CTUe,1.0517123121197754e-05
"Ecotoxicity, freshwater_inorganics",antimony [out],0.017423305720859684,CTUe,4.426472301623353e-06
"Ecotoxicity, freshwater_inorganics",carbon monoxide (fossil) [out],0.014509439916018132,CTUe,0.6354592001059052
"Ecotoxicity, freshwater_inorganics",lead [out],0.0028222824248118985,CTUe,0.00010149860958307444
"Ecotoxicity, freshwater_inorganics",manganese [out],0.0021667050351941533,CTUe,0.00010864390444985598
"Ecotoxicity, freshwater_inorganics",copper [out],0.0013172823787455882,CTUe,7.731085211056347e-05
"Ecotoxicity, freshwater_inorganics",selenium [out],0.0005887043598828344,CTUe,1.9512927147603864e-05
"Ecotoxicity, freshwater_organics","1,1,2-trichloroethane [out]",115.3306799999998,CTUe,1.0439999999999983
"Ecotoxicity, freshwater_organics",hydrocarbons (unspecified) [out],1.355265054000014,CTUe,395.34000000000407
"Ecotoxicity, freshwater_organics",volatile organic compound [out],0.8192481413461329,CTUe,0.42729262053206746
"Ecotoxicity, freshwater_organics",ethane [out],0.27684342400000284,CTUe,19.168000000000198
"Ecotoxicity, freshwater_organics",benzene [out],0.2515495272066545,CTUe,0.3063418262496706
"Ecotoxicity, freshwater_organics",methane (fossil) [out],0.13523222915743188,CTUe,0.42294435840818123
"Ecotoxicity, freshwater_organics",phenol [out],0.0009758428800000099,CTUe,2.3960000000000246e-06
"Ecotoxicity, freshwater_organics",phenol [out],0.0006490471679999908,CTUe,3.7421999999999466e-08
"Ecotoxicity, freshwater_organics",benzo[a]pyrene [out],0.0004792273514648168,CTUe,7.112625249934203e-07
"Ecotoxicity, freshwater_organics",toluene [out],0.00022845905333999963,CTUe,0.0008387819999999986
"Ecotoxicity, freshwater_organics",chloroform [out],0.0001247993999999998,CTUe,2.6999999999999955e-05
EF-particulate Matter,Nitrogen oxides [out],0.0006133760000000063,disease incidence,383.36000000000394
EF-particulate Matter,sulfur dioxide [out],0.000100766079023841,disease incidence,12.595759877980125
EF-particulate Matter,particles (PM2.5) [out],4.043630710551036e-05,disease incidence,0.16954639725241977
EF-particulate Matter,Nitrogen oxides [out],2.722845615850836e-05,disease incidence,17.017785099067726
EF-particulate Matter,particles (PM10) [out],1.4195304225121891e-05,disease incidence,0.25878150567906844
EF-particulate Matter,ammonia [out],2.2172570295756168e-07,disease incidence,0.010558366807502937
EF-particulate Matter,nitrogen monoxide [out],8.79379121810047e-10,disease incidence,0.0005496119511312794
Eutrophication marine,Nitrogen oxides [out],149.12704000000153,kg N equivalents,383.36000000000394
Eutrophication marine,Nitrogen oxides [out],6.619918403537346,kg N equivalents,17.017785099067726
Eutrophication marine,ammonia [out],0.0009713697462902702,kg N equivalents,0.010558366807502937
Eutrophication marine,nitrogen monoxide [out],0.0003275687228742425,kg N equivalents,0.0005496119511312794
"Eutrophication, freshwater","phosphorus, total [out]",0.0015165000000000007,kg P equivalents,0.0015165000000000007
"Eutrophication, terrestrial",Nitrogen oxides [out],1633.1136000000167,mol N equivalents,383.36000000000394
"Eutrophication, terrestrial",Nitrogen oxides [out],72.49576452202851,mol N equivalents,17.017785099067726
"Eutrophication, terrestrial",ammonia [out],0.14222120089706458,mol N equivalents,0.010558366807502937
"Eutrophication, terrestrial",nitrogen monoxide [out],0.003590065264789517,mol N equivalents,0.0005496119511312794
"Human toxicity, cancer","1,1,2-trichloroethane [out]",4.4505719999999926e-07, CTUh ,1.0439999999999983
"Human toxicity, cancer",benzene [out],2.5508777529983822e-08, CTUh ,0.3063418262496706
"Human toxicity, cancer",mercury [out],1.3286326262554578e-08, CTUh ,1.2323834767233631e-05
"Human toxicity, cancer",chromium [out],3.7141942487857453e-09, CTUh ,4.757030467975288e-05
"Human toxicity, cancer",benzo[a]pyrene [out],3.2119904366177868e-09, CTUh ,7.112625249934203e-07
"Human toxicity, cancer",nickel [out],1.3629165533856968e-09, CTUh ,6.898398306350644e-05
"Human toxicity, cancer",arsenic [out],1.232063659694071e-09, CTUh ,2.8013543568678998e-05
"Human toxicity, cancer",lead [out],5.046307871251296e-10, CTUh ,0.00010149860958307444
"Human toxicity, cancer",cadmium [out],2.7260810499723234e-10, CTUh ,8.581217105176037e-06
"Human toxicity, cancer",chloroform [out],7.471709999999988e-12, CTUh ,2.6999999999999955e-05
"Human toxicity, cancer",toluene [out],5.439752904599991e-15, CTUh ,0.0008387819999999986
"Human toxicity, cancer_inorganics",mercury [out],1.3286326262554578e-08, CTUh ,1.2323834767233631e-05
"Human toxicity, cancer_inorganics",chromium [out],3.7141942487857453e-09, CTUh ,4.757030467975288e-05
"Human toxicity, cancer_inorganics",nickel [out],1.3629165533856968e-09, CTUh ,6.898398306350644e-05
"Human toxicity, cancer_inorganics",arsenic [out],1.232063659694071e-09, CTUh ,2.8013543568678998e-05
"Human toxicity, cancer_inorganics",lead [out],5.046307871251296e-10, CTUh ,0.00010149860958307444
"Human toxicity, cancer_inorganics",cadmium [out],2.7260810499723234e-10, CTUh ,8.581217105176037e-06
"Human toxicity, cancer_organics","1,1,2-trichloroethane [out]",4.4505719999999926e-07, CTUh ,1.0439999999999983
"Human toxicity, cancer_organics",benzene [out],2.5508777529983822e-08, CTUh ,0.3063418262496706
"Human toxicity, cancer_organics",benzo[a]pyrene [out],3.2119904366177868e-09, CTUh ,7.112625249934203e-07
"Human toxicity, cancer_organics",chloroform [out],7.471709999999988e-12, CTUh ,2.6999999999999955e-05
"Human toxicity, cancer_organics",toluene [out],5.439752904599991e-15, CTUh ,0.0008387819999999986
"Human toxicity, non-cancer",mercury [out],1.5723980779513392e-06,CTUh,1.2323834767233631e-05
"Human toxicity, non-cancer",hydrocarbons (unspecified) [out],8.734641960000089e-07,CTUh,395.34000000000407
"Human toxicity, non-cancer","1,1,2-trichloroethane [out]",7.114337999999988e-07,CTUh,1.0439999999999983
"Human toxicity, non-cancer",lead [out],1.7702372497384012e-07,CTUh,0.00010149860958307444
"Human toxicity, non-cancer",arsenic [out],6.970890181630082e-08,CTUh,2.8013543568678998e-05
"Human toxicity, non-cancer",cadmium [out],6.250644351581277e-08,CTUh,8.581217105176037e-06
"Human toxicity, non-cancer",ethane [out],5.107888640000053e-08,CTUh,19.168000000000198
"Human toxicity, non-cancer",volatile organic compound [out],2.1827816227260134e-08,CTUh,0.42729262053206746
"Human toxicity, non-cancer",methane (fossil) [out],2.0533102712000383e-08,CTUh,0.42294435840818123
"Human toxicity, non-cancer",benzene [out],1.5236829754006116e-08,CTUh,0.3063418262496706
"Human toxicity, non-cancer",zinc [out],1.2649583002931404e-08,CTUh,0.0002171043165353369
"Human toxicity, non-cancer",chromium [out],1.9676980827732983e-10,CTUh,4.757030467975288e-05
"Human toxicity, non-cancer",antimony [out],1.9520300202928824e-10,CTUh,4.426472301623353e-06
"Human toxicity, non-cancer",ammonia [out],1.4002506060110396e-10,CTUh,0.010558366807502937
"Human toxicity, non-cancer",nitrous oxide [out],9.539342901075676e-11,CTUh,0.005945367965768574
"Human toxicity, non-cancer_inorganics",mercury [out],1.5723980779513392e-06,CTUh,1.2323834767233631e-05
"Human toxicity, non-cancer_inorganics",lead [out],1.7702372497384012e-07,CTUh,0.00010149860958307444
"Human toxicity, non-cancer_inorganics",arsenic [out],6.970890181630082e-08,CTUh,2.8013543568678998e-05
"Human toxicity, non-cancer_inorganics",cadmium [out],6.250644351581277e-08,CTUh,8.581217105176037e-06
"Human toxicity, non-cancer_inorganics",zinc [out],1.2649583002931404e-08,CTUh,0.0002171043165353369
"Human toxicity, non-cancer_inorganics",chromium [out],1.9676980827732983e-10,CTUh,4.757030467975288e-05
"Human toxicity, non-cancer_inorganics",antimony [out],1.9520300202928824e-10,CTUh,4.426472301623353e-06
"Human toxicity, non-cancer_inorganics",ammonia [out],1.4002506060110396e-10,CTUh,0.010558366807502937
"Human toxicity, non-cancer_inorganics",nickel [out],7.669639237000647e-11,CTUh,6.898398306350644e-05
"Human toxicity, non-cancer_inorganics",cobalt [out],3.761028399371529e-11,CTUh,1.0517123121197754e-05
"Human toxicity, non-cancer_inorganics",copper [out],2.7238159415593723e-11,CTUh,7.731085211056347e-05
"Human toxicity, non-cancer_inorganics",selenium [out],1.4532837880992406e-11,CTUh,1.9512927147603864e-05
"Human toxicity, non-cancer_organics",hydrocarbons (unspecified) [out],8.734641960000089e-07,CTUh,395.34000000000407
"Human toxicity, non-cancer_organics","1,1,2-trichloroethane [out]",7.114337999999988e-07,CTUh,1.0439999999999983
"Human toxicity, non-cancer_organics",ethane [out],5.107888640000053e-08,CTUh,19.168000000000198
"Human toxicity, non-cancer_organics",volatile organic compound [out],2.1827816227260134e-08,CTUh,0.42729262053206746
"Human toxicity, non-cancer_organics",methane (fossil) [out],2.0533102712000383e-08,CTUh,0.42294435840818123
"Human toxicity, non-cancer_organics",benzene [out],1.5236829754006116e-08,CTUh,0.3063418262496706
"Human toxicity, non-cancer_organics",nitrous oxide [out],9.539342901075676e-11,CTUh,0.005945367965768574
"Human toxicity, non-cancer_organics",chloroform [out],2.8538999999999952e-11,CTUh,2.6999999999999955e-05
"Human toxicity, non-cancer_organics",toluene [out],1.7611905653999973e-12,CTUh,0.0008387819999999986
"Human toxicity, non-cancer_organics",phenol [out],5.112824400000053e-13,CTUh,2.3960000000000246e-06
"Human toxicity, non-cancer_organics",phenol [out],3.289356377999953e-15,CTUh,3.7421999999999466e-08
Photochemical ozone formation - human health,Nitrogen oxides [out],383.36000000000394,kg NMVOC equivalents,383.36000000000394
Photochemical ozone formation - human health,carbon monoxide (fossil) [out],96.146688000001,kg NMVOC equivalents,2108.480000000022
Photochemical ozone formation - human health,Nitrogen oxides [out],17.017785099067726,kg NMVOC equivalents,17.017785099067726
Photochemical ozone formation - human health,ethane [out],3.986944000000041,kg NMVOC equivalents,19.168000000000198
Photochemical ozone formation - human health,sulfur dioxide [out],1.0215161261041883,kg NMVOC equivalents,12.595759877980125
Photochemical ozone formation - human health,benzene [out],0.11273379205987878,kg NMVOC equivalents,0.3063418262496706
Photochemical ozone formation - human health,volatile organic compound [out],0.10041376582503585,kg NMVOC equivalents,0.42729262053206746
Photochemical ozone formation - human health,carbon monoxide (fossil) [out],0.028976939524829277,kg NMVOC equivalents,0.6354592001059052
Photochemical ozone formation - human health,methane (fossil) [out],0.00427173801992263,kg NMVOC equivalents,0.42294435840818123
Photochemical ozone formation - human health,toluene [out],0.0009058845599999986,kg NMVOC equivalents,0.0008387819999999986
Photochemical ozone formation - human health,nitrogen monoxide [out],0.0005496119511312794,kg NMVOC equivalents,0.0005496119511312794
Photochemical ozone formation - human health,chloroform [out],1.0502999999999982e-06,kg NMVOC equivalents,2.6999999999999955e-05
Photochemical ozone formation - human health,methane (fossil) [out],4.1190763891115555e-08,kg NMVOC equivalents,4.0782934545658965e-06
"Resource use, fossils",natural gas [in],122.61289344000068,MJ,122.61289344000068
"Resource use, fossils",crude oil [in],36.753584756120915,MJ,36.753584756120915
"Resource use, fossils",hard coal [in],2.7923740561546952,MJ,2.7923740561546952
Water use,freshwater [in],10279.164888501715,m3-world equivalents,239.32863535510396
