row \ col,"Soil vapor extraction, in situ",Transportation,Site foundation,Well installation,SVE system assembly,SVE operation,GAC replacement,"Acetylene ; Calcium carbide, water ; Dry Process ; All sizes; NESPS2","Carbonization, activation ; Coal activated carbon ; Raw material coal ; Physical activation process ; All sizes; NESPS2",Electricity production ; Electricity mix ; China,Extraction ; Soft clay ; Soft clay raw ore ; Surface mining ; All sizes; NESPS2,High Density Polyethylene (HDPE)  production;HDPE,Highway transport for cargo and auxiliary activities| CEEIO | 2018,"Sand and gravel aggregate ; Crushed stone, sand and gravel ; Crushing, screening, washing ; All sizes; NESPS2",Steel production ; Total of all wind farm,"cement production;cement, common portland cement;China average",polyvinyl chloride production ; primary polyvinyl chloride; 150000t/a ; ethylene
"Soil vapor extraction, in situ",1.0,0.0,0.0,0.0,0.0,0.0,0.0,0.0,0.0,0.0,0.0,0.0,0.0,0.0,0.0,0.0,0.0
Transportation,-1.0,1.0,0.0,0.0,0.0,0.0,0.0,0.0,0.0,0.0,0.0,0.0,0.0,0.0,0.0,0.0,0.0
Site foundation,-1.0,0.0,1.0,0.0,0.0,0.0,0.0,0.0,0.0,0.0,0.0,0.0,0.0,0.0,0.0,0.0,0.0
Well installation,-1.0,0.0,0.0,1.0,0.0,0.0,0.0,0.0,0.0,0.0,0.0,0.0,0.0,0.0,0.0,0.0,0.0
SVE system assembly,-1.0,0.0,0.0,0.0,1.0,0.0,0.0,0.0,0.0,0.0,0.0,0.0,0.0,0.0,0.0,0.0,0.0
SVE operation,-1.0,0.0,0.0,0.0,0.0,1.0,0.0,0.0,0.0,0.0,0.0,0.0,0.0,0.0,0.0,0.0,0.0
GAC replacement,-1.0,0.0,0.0,0.0,0.0,0.0,1.0,0.0,0.0,0.0,0.0,0.0,0.0,0.0,0.0,0.0,0.0
"Acetylene ; Calcium carbide, water ; Dry Process ; All sizes; NESPS2",0.0,0.0,0.0,0.0,-1.15,0.0,0.0,1000.0,0.0,0.0,0.0,0.0,0.0,0.0,0.0,0.0,0.0
"Carbonization, activation ; Coal activated carbon ; Raw material coal ; Physical activation process ; All sizes; NESPS2",0.0,0.0,0.0,0.0,0.0,0.0,-18000.0,0.0,1000.0,0.0,0.0,0.0,0.0,0.0,0.0,0.0,0.0
Electricity production ; Electricity mix ; China,0.0,0.0,0.0,0.0,0.0,-535492.8,0.0,0.0,0.0,3.6,0.0,-1.5,0.0,0.0,0.0,-340.63200000000006,0.0
Extraction ; Soft clay ; Soft clay raw ore ; Surface mining ; All sizes; NESPS2,0.0,0.0,0.0,-211.0,0.0,0.0,0.0,0.0,0.0,0.0,1000.0,0.0,0.0,0.0,0.0,0.0,0.0
High Density Polyethylene (HDPE)  production;HDPE,0.0,0.0,0.0,0.0,-170.0,0.0,0.0,0.0,0.0,0.0,0.0,1.0,0.0,0.0,0.0,0.0,0.0
Highway transport for cargo and auxiliary activities| CEEIO | 2018,0.0,-242.2146,0.0,0.0,0.0,0.0,0.0,0.0,0.0,0.0,0.0,0.0,576265985949.3751,0.0,0.0,0.0,0.0
"Sand and gravel aggregate ; Crushed stone, sand and gravel ; Crushing, screening, washing ; All sizes; NESPS2",0.0,0.0,-15360.0,-480.0,-6400.0,0.0,0.0,0.0,0.0,0.0,0.0,0.0,0.0,1000.0,0.0,0.0,0.0
Steel production ; Total of all wind farm,0.0,0.0,-213.12,0.0,0.0,0.0,0.0,0.0,0.0,0.0,0.0,0.0,0.0,0.0,42400000.0,0.0,0.0
"cement production;cement, common portland cement;China average",0.0,0.0,-5700.0,-572.75,-1500.0,0.0,0.0,0.0,0.0,0.0,0.0,0.0,0.0,0.0,0.0,1000.0,0.0
polyvinyl chloride production ; primary polyvinyl chloride; 150000t/a ; ethylene,0.0,0.0,0.0,-45.0,0.0,0.0,0.0,0.0,0.0,0.0,0.0,0.0,0.0,0.0,0.0,0.0,1000.0
