method,unit,transport,foundation,wells,assembly,operation,gac
Acidification,mol H+ equivalents,0.9356745694503639,6.621457703628792,0.6425539931633235,41.72638115472742,36.916207816615824,112.30299
Climate change,kg CO2 Equivalents,206.4759790944506,4357.089756569669,418.36459993496686,1426.5449280106307,86392.04439218741,0.0
Climate change-Biogenic,kg CO2-Equivalents,0.0,0.0,0.0,0.0,0.0,0.0
Climate change-Fossil,kg CO2 Equivalents,206.4759790944506,4357.089756569669,418.36459993496686,1426.5449280106307,86392.04439218741,0.0
Climate change-Land use and land use change,kg CO2-Equivalents,0.0,0.0,0.0,0.0,0.0,0.0
"Ecotoxicity, freshwater",CTUe,3.1832442694360514,0.00024311039689257796,0.033939941580065414,7.064758989020144,0.06704970448178157,0.0
"Ecotoxicity, freshwater_inorganics",CTUe,2.710715635643868,4.02657003777595e-10,0.01803531099117919,6.832830400161638,1.1105256482608123e-07,0.0
"Ecotoxicity, freshwater_organics",CTUe,0.472528633792183,0.0002431099942355742,0.015904630588886227,0.23192858885850667,0.06704959342921675,0.0
EF-particulate Matter,disease incidence,2.9762772788309436e-05,0.0005703027723844337,5.707407777447197e-05,0.00023542354810563245,0.00015682173233872205,0.0005010767999999999
Eutrophication marine,kg N equivalents,0.4813823477166599,1.762649719489117,0.1886630562483386,21.63003960738329,9.144327935133333,24.619032
"Eutrophication, freshwater",kg P equivalents,0.0,0.0,0.0,0.0,0.0,0.0
"Eutrophication, terrestrial",mol N equivalents,5.359016279261194,19.303053506357166,2.0660490204067936,236.87395560680022,100.14097550611694,269.60688
"Human toxicity, cancer", CTUh ,1.0794135389934994e-08,5.05630911787281e-11,5.1590272074293046e-12,2.9498634148526445e-11,1.3945270809282274e-08,0.0
"Human toxicity, cancer_inorganics", CTUh ,1.0794135389934994e-08,0.0,0.0,0.0,0.0,0.0
"Human toxicity, cancer_organics", CTUh ,0.0,5.05630911787281e-11,5.1590272074293046e-12,2.9498634148526445e-11,1.3945270809282274e-08,0.0
"Human toxicity, non-cancer",CTUh,9.799674634745089e-07,1.2644863725620215e-08,9.521785968862996e-11,1.3120698364175235e-07,3.99574783544897e-09,0.0
"Human toxicity, non-cancer_inorganics",CTUh,9.58200350837342e-07,0.0,1.37244888e-14,0.0,0.0,0.0
"Human toxicity, non-cancer_organics",CTUh,2.176711263716684e-08,1.2644863725620215e-08,9.520413519982996e-11,1.3120698364175235e-07,3.99574783544897e-09,0.0
"Ionising radiation, human health",kBq U235 equivalents,0.0,0.0,0.0,0.0,0.0,0.0
Land use,dimensionless (pt),0.0,0.0,0.2493432,0.0,0.0,0.0
Ozone depletion,kg CFC11 equivalents,0.0,0.0,0.0,0.0,0.0,0.0
Photochemical ozone formation - human health,kg NMVOC equivalents,1.303650783272109,4.733676017385434,0.502397873500065,69.84944050259254,24.744676127375023,67.3411347
"Resource use, fossils",MJ,0.0,741.2669057049607,75.82353507961761,204.09102455771313,89.33300292859121,0.0
"Resource use, minerals and metals",kg Sb equivalents,0.0,0.0,0.0,0.0,0.0,0.0
Water use,m3-world equivalents,0.0,83.35803890757764,11212.087454557057,33.46218351452022,22990.098105115496,0.0
