column,label,kind,scaling,Acidification,Climate change,Climate change-Biogenic,Climate change-Fossil,Climate change-Land use and land use change,"Ecotoxicity, freshwater","Ecotoxicity, freshwater_inorganics","Ecotoxicity, freshwater_organics",EF-particulate Matter,Eutrophication marine,"Eutrophication, freshwater","Eutrophication, terrestrial","Human toxicity, cancer","Human toxicity, cancer_inorganics","Human toxicity, cancer_organics","Human toxicity, non-cancer","Human toxicity, non-cancer_inorganics","Human toxicity, non-cancer_organics","Ionising radiation, human health",Land use,Ozone depletion,Photochemical ozone formation - human health,"Resource use, fossils","Resource use, minerals and metals",Water use
system:SVE,"Soil vapor extraction, in situ",system,1.0,0.0,0.0,0.0,0.0,0.0,0.0,0.0,0.0,0.0,0.0,0.0,0.0,0.0,0.0,0.0,0.0,0.0,0.0,0.0,0.0,0.0,0.0,0.0,0.0,0.0
stage:transport,Transportation,stage,0.999999999999999,0.0,0.0,0.0,0.0,0.0,0.0,0.0,0.0,0.0,0.0,0.0,0.0,0.0,0.0,0.0,0.0,0.0,0.0,0.0,0.0,0.0,0.0,0.0,0.0,0.0
74eff341-5907-430a-83f9-f86641e3de50,Highway transport for cargo and auxiliary activities| CEEIO | 2018,process,4.487412036652718e-10,0.7683947356486283,134.73818227482684,0.0,134.73818227482684,0.0,1.3521463080884315,1.0597624471009235,0.292383860987508,6.85634390221281e-06,0.39773243339257003,0.0,4.407245392075516,2.135343280197442e-09,2.135343280197442e-09,0.0,1.5016986254335523e-07,1.4164810836754178e-07,8.521754175813472e-09,0.0,0.0,0.0,1.0595951732672215,0.0,0.0,0.0
stage:foundation,Site foundation,stage,1.0000000000000064,0.0,56.28000000000036,0.0,56.28000000000036,0.0,0.0,0.0,0.0,0.0,0.0,0.0,0.0,0.0,0.0,0.0,0.0,0.0,0.0,0.0,0.0,0.0,0.0,0.0,0.0,0.0
db2d45b0-f26c-4a3b-ba9c-1d54002d63c0,"Sand and gravel aggregate ; Crushed stone, sand and gravel ; Crushing, screening, washing ; All sizes; NESPS2",process,22.240000000000098,0.0,0.0,0.0,0.0,0.0,0.0,0.0,0.0,0.0,0.0,0.0,0.0,0.0,0.0,0.0,0.0,0.0,0.0,0.0,0.0,0.0,0.0,0.0,0.0,0.0
1129701c-e75d-4573-9d2b-c2016d9a1b05,"cement production;cement, common portland cement;China average",process,7.772750000000036,7.337476000000034,4644.062670000021,0.0,4644.062670000021,0.0,0.0,0.0,0.0,0.0007676954859216286,2.358407805000011,0.0,25.82729370000012,0.0,0.0,0.0,0.0,0.0,0.0,0.0,0.0,0.0,6.239248607000029,1010.3797725000047,0.0,0.0
35a9a83f-dbca-4bac-86bb-6058272f12d3,Steel production ; Total of all wind farm,process,5.026415094339588e-06,1.1068060483018793,581.9314483018827,0.0,581.9314483018827,0.0,0.0,0.0,0.0,6.759120905660331e-06,0.0,0.0,0.0,0.0,0.0,0.0,1.2630375849056517e-08,0.0,1.2630375849056517e-08,0.0,0.0,0.0,0.0685205881811316,0.0,0.0,0.0
stage:wells,Well installation,stage,1.0,0.0,29.48,0.0,29.48,0.0,0.0,0.0,0.0,0.0,0.0,0.0,0.0,0.0,0.0,0.0,0.0,0.0,0.0,0.0,0.0,0.0,0.0,0.0,0.0,0.0
24fca75a-cefc-483b-8168-e349eb15c25b,polyvinyl chloride production ; primary polyvinyl chloride; 150000t/a ; ethylene,process,0.045,0.0396675,0.0,0.0,0.0,0.0,0.0005294746431,0.0005294746431,0.0,1.8576e-07,0.00752715,0.0,0.08243099999999999,0.0,0.0,0.0,0.0,0.0,0.0,0.0,0.2493432,0.0,0.020919285,1.33245,0.0,11287.260000000002
b435c521-34cd-4b76-993c-ff96bfc6c890,Extraction ; Soft clay ; Soft clay raw ore ; Surface mining ; All sizes; NESPS2,process,0.211,0.0,0.0,0.0,0.0,0.0,0.0,0.0,0.0,0.0,0.0,0.0,0.0,0.0,0.0,0.0,0.0,0.0,0.0,0.0,0.0,0.0,0.0,0.0,0.0,0.0
stage:assembly,SVE system assembly,stage,0.9999999999999998,0.0,3.8923076923076914,0.0,3.8923076923076914,0.0,0.0,0.0,0.0,0.0,0.0,0.0,0.0,0.0,0.0,0.0,0.0,0.0,0.0,0.0,0.0,0.0,0.0,0.0,0.0,0.0
d8dddfbb-f811-4764-9df7-8c5df732f364,High Density Polyethylene (HDPE)  production;HDPE,process,169.99999999999997,40.25599999999999,400.68863999999996,0.0,400.68863999999996,0.0,7.064661397896098,6.832830399999998,0.23183099789609996,8.703999999999998e-05,21.161599999999996,0.0,231.74399999999994,9.201234422509e-12,0.0,9.201234422509e-12,1.3120116781414097e-07,0.0,1.3120116781414097e-07,0.0,0.0,0.0,68.60932231639998,0.0,0.0,0.0
a60ac320-d434-4e6a-a344-b1a224d77d72,"Acetylene ; Calcium carbide, water ; Dry Process ; All sizes; NESPS2",process,0.00115,0.0,0.0,0.0,0.0,0.0,0.0,0.0,0.0,0.0,0.0,0.0,0.0,0.0,0.0,0.0,0.0,0.0,0.0,0.0,0.0,0.0,0.0,0.0,0.0,0.0
stage:operation,SVE operation,stage,1.0,0.0,0.0,0.0,0.0,0.0,0.0,0.0,0.0,0.0,0.0,0.0,0.0,0.0,0.0,0.0,0.0,0.0,0.0,0.0,0.0,0.0,0.0,0.0,0.0,0.0
0aa8c769-a04a-4e76-897a-2b1051cb9344,Electricity production ; Electricity mix ; China,process,149609.7861041918,0.0,0.0,0.0,0.0,0.0,0.0,0.0,0.0,0.0,0.0,0.0,0.0,0.0,0.0,0.0,0.0,0.0,0.0,0.0,0.0,0.0,0.0,0.0,0.0,0.0
stage:gac,GAC replacement,stage,1.0,0.0,0.0,0.0,0.0,0.0,0.0,0.0,0.0,0.0,0.0,0.0,0.0,0.0,0.0,0.0,0.0,0.0,0.0,0.0,0.0,0.0,0.0,0.0,0.0,0.0
c090f0c3-1e65-4516-bc82-e34b4d25c02c,"Carbonization, activation ; Coal activated carbon ; Raw material coal ; Physical activation process ; All sizes; NESPS2",process,18.0,112.30299,0.0,0.0,0.0,0.0,0.0,0.0,0.0,0.0005010767999999999,24.619032,0.0,269.60688,0.0,0.0,0.0,0.0,0.0,0.0,0.0,0.0,0.0,67.3411347,0.0,0.0,0.0
aef876a0-dd1f-4e00-97c5-3e59a0cfb6ac,Electricity production ; Thermal power ; China,process,104106.7521197832,36.88849076634434,86834.51195749448,0.0,86834.51195749448,0.0,0.0,0.0,0.0,0.0001562848823822998,9.193454511419304,0.0,100.67896200166126,0.0,0.0,0.0,0.0,0.0,0.0,0.0,0.0,0.0,24.834560820970825,0.0,0.0,0.0
cef09ca2-d8b8-45c0-839b-234f05569aa7,Converter steelmaking ; pig iron ; crude steel,process,0.896939019606661,0.0,29.060824235255815,0.0,29.060824235255815,0.0,0.0,0.0,0.0,0.0,0.0,0.0,0.0,0.0,0.0,0.0,0.0,0.0,0.0,0.0,0.0,0.0,0.0,0.0,0.0,23114.118535263653
0eaf3fff-7537-4202-9fbb-f59af725d6ac,Natural gas ; Non-ultra-low sulfur gas ; Self spraying ; All sizes; NESPS2,process,0.07891702605610497,0.2284023828482187,0.0,0.0,0.0,0.0,0.0,0.0,0.0,1.3948237120501905e-06,0.0,0.0,0.0,0.0,0.0,0.0,0.0,0.0,0.0,0.0,0.0,0.0,0.014140025380908807,0.0,0.0,0.0
006ad603-87b2-40ae-9ed1-1a542d09ad1e,Pushing coke ground station ; Coke ; Coking coal ; Top loading ; All sizes; NESPS2,process,0.005205337605989157,0.00020456976791537388,0.0,0.0,0.0,0.0,0.0,0.0,0.0,1.2492810254373976e-09,0.0,0.0,0.0,0.0,0.0,0.0,0.0,0.0,0.0,0.0,0.0,0.0,1.2664586395371621e-05,0.0,0.0,0.0
d7aa1ea4-f8e4-4160-b918-e7cce6fdeabb,Crude oil extraction ; normal crude oil; self injection oil recovery method,process,0.0031232025635934946,4.9936760861193844e-05,0.004993322002398344,0.0,0.004993322002398344,0.0,1.1165832197532344e-07,1.1165832197532344e-07,0.0,2.38312848412438e-10,8.881107577808825e-06,0.0,9.725840175183957e-05,0.0,0.0,0.0,0.0,0.0,0.0,0.0,0.0,0.0,2.519274473779369e-05,0.0,0.0,0.0
c7873a1b-e7a4-4c25-8e75-7ea8ced44f09,Petroleum Coke Production ; Petroleum Coke ; Cradle,process,0.036437363241924106,0.0,0.0,0.0,0.0,0.0,0.0,0.0,0.0,0.0,0.0,0.0,0.0,0.0,0.0,0.0,0.0,0.0,0.0,0.0,0.0,0.0,0.0,89.82028663313744,0.0,0.0
86d2bd1b-1e0d-4556-aa21-c807f158d020,Coke production ; coke ; coking,process,0.007343102210586233,0.0014164396234986,0.0,0.0,0.0,0.0,0.06741532807602243,0.0,0.06741532807602243,1.9973238012794555e-09,0.0007440031159765972,0.0,0.008154074418723376,1.4021337917719357e-08,0.0,1.4021337917719357e-08,4.0175433952515184e-09,0.0,4.0175433952515184e-09,0.0,0.0,0.0,0.03097320512425273,0.0,0.0,233.38581755906227
615f558a-3549-48bd-8dfc-fbd1f8f0f546,Steam methane reforming,process,0.018713049999999995,0.0,0.0,0.0,0.0,0.0,0.0,0.0,0.0,0.0,0.0,0.0,0.0,0.0,0.0,0.0,0.0,0.0,0.0,0.0,0.0,0.0,0.0,8.982263999999997,0.0,0.0
3c4d6062-bd2f-47fe-89f5-07640c300c93,Ethylene Production ; Ethylene ; Naphtha Route ; Naphtha,process,0.02180412371134021,0.046708990629355684,12.242058742577322,0.0,12.242058742577322,0.0,0.023846605543526293,0.01795480251925825,0.005891803024268043,2.4946185154639184e-07,0.004007818595876289,0.0,0.04385963588659795,0.0,0.0,0.0,2.0938654852886603e-11,1.41489575257732e-14,2.092450589536083e-11,0.0,0.0,0.0,0.009169285353402066,0.0,0.0,-86.8310851546392
425aef67-d122-4c04-b91c-96ccd3a11ae7,Electricity production ; Electricity mix ; Yunnan,process,7.425,0.0,0.0,0.0,0.0,0.0,0.0,0.0,0.0,0.0,0.0,0.0,0.0,0.0,0.0,0.0,0.0,0.0,0.0,0.0,0.0,0.0,0.0,0.0,0.0,0.0
cce4182c-a970-4168-bbee-5766ff04439a,Electricity production ; Thermal power ; Yunnan,process,0.6787266750000001,0.0003221557769394608,0.7879894525948501,0.0,0.7879894525948501,0.0,0.0,0.0,0.0,1.3551065846485203e-09,8.158996165391283e-05,0.0,0.0008935044643847522,0.0,0.0,0.0,0.0,0.0,0.0,0.0,0.0,0.0,0.00022007819628178788,0.0,0.0,0.0
2af0d63e-470e-41c4-a884-130563e66c9a,"Production stage ; oil ; water drive production, chemical drive oil increase production, heavy oil production",process,2.614403322702663e-05,0.0,0.0,0.0,0.0,0.0,0.0,0.0,0.0,0.0,0.0,0.0,0.0,0.0,0.0,0.0,0.0,0.0,0.0,0.0,0.0,0.0,0.0,0.0,0.0,0.0
afa353b2-7a53-4d55-b532-bfc3a6a3b218,Crop cultivation| CEEIO | 2018,process,3.1395078720016304e-12,0.00028542056169408246,1.3483177562634372,0.0,1.3483177562634372,0.0,0.01457002556311172,0.008681168308742482,0.005888857254369236,8.582442848569085e-08,8.603768024536922e-05,0.0,0.0014755387819511089,2.8309385861682614e-11,2.8309385861682614e-11,0.0,2.370970321401247e-09,1.4912699189751946e-09,8.797004024260526e-10,0.0,0.0,0.0,0.0005898972328738899,0.0,0.0,0.0
1e0d6f1b-942a-476d-830f-c60537d48c94,Forestry| CEEIO | 2018,process,7.570242443904182e-12,7.173666212469378e-05,0.035760384545416725,0.0,0.035760384545416725,0.0,0.002381959044227236,0.002254994052727335,0.00012696499149990084,2.2343143702536703e-08,2.1108555355772578e-05,0.0,0.0003695064696564017,7.380897404620557e-12,7.380897404620557e-12,0.0,3.937734190761989e-10,3.8807861208537493e-10,5.694806990823987e-12,0.0,0.0,0.0,0.00010529177408726646,0.0,0.0,0.0
8ef93691-6d4a-42e2-9ccb-2488e45709f6,Livestock and livestock products| CEEIO | 2018,process,1.7020376872180606e-12,4.938517163423719e-05,0.567552790454809,0.0,0.567552790454809,0.0,0.005773630365440952,0.0014702484937266758,0.004303381871714277,1.4518640071183109e-08,1.5113514297973438e-05,0.0,0.0002559002112083519,4.785748510108996e-12,4.785748510108996e-12,0.0,9.048063008372026e-10,2.5229571712552427e-10,6.525105837116784e-10,0.0,0.0,0.0,0.0002058386800457964,0.0,0.0,0.0
312c94d0-76e2-4a10-81d6-35a6e3b069a3,Fishery| CEEIO | 2018,process,5.077231469772229e-12,0.00010892639838974098,0.06430215711356674,0.0,0.06430215711356674,0.0,0.002661456566625421,0.002422436100525949,0.0002390204660994718,2.331086223082694e-08,3.9105483332776294e-05,0.0,0.0005795333906442533,7.545537419966023e-12,7.545537419966023e-12,0.0,4.16078969240985e-10,4.0718646094559877e-10,8.89250829538622e-12,0.0,0.0,0.0,0.00016498899872259684,0.0,0.0,0.0
ad18f88d-f3f8-4981-ab66-a828ec8c0465,Technical services for agriculture| CEEIO | 2018,process,2.830889793744028e-12,9.356715337711363e-05,0.05207890461233969,0.0,0.05207890461233969,0.0,0.002563961205518971,0.002369026917322622,0.00019493428819634896,2.3062391561888286e-08,3.1554980302783817e-05,0.0,0.0004924844478699997,7.525163959780337e-12,7.525163959780337e-12,0.0,4.095514048402327e-10,4.0202253271341625e-10,7.528872126816443e-12,0.0,0.0,0.0,0.00014059284097124038,0.0,0.0,0.0
91c42012-f90e-46c3-a823-4dcfbbbe07a9,Coal mining and processing| CEEIO | 2018,process,7.453836197381925e-12,0.0010981410004605096,5.992296695764539,0.0,5.992296695764539,0.0,0.07952104870609476,0.019573686350398783,0.05994736235569598,4.9881036823397214e-08,0.0005611559968314677,0.0,0.006279553738828955,1.8052815778232632e-10,1.8052815778232632e-10,0.0,1.841252136989985e-08,9.338277638539137e-09,9.07424373136071e-09,0.0,0.0,0.0,0.0035522083099523566,0.0,0.0,0.0
b5552713-5ddb-4c71-b56e-2e17c2ebfc7f,Crude petroleum and natural gas| CEEIO | 2018,process,1.0136975006184902e-10,0.004546561425171862,8.016621624549064,0.0,8.016621624549064,0.0,0.20849068150105424,0.10545507615564613,0.10303560534540808,2.1039744619543015e-07,0.001693737906747049,0.0,0.02435055282345154,1.5083418080265542e-10,1.5083418080265542e-10,0.0,1.2516497699319579e-08,4.9030281434847955e-09,7.613469555834783e-09,0.0,0.0,0.0,0.01347471751515378,0.0,0.0,0.0
d9c20d2e-9708-4e48-81ba-03eefd6326a1,Ferrous metal ore mining| CEEIO | 2018,process,1.2030933374588351e-11,0.0002369728018174397,0.12447226437398436,0.0,0.12447226437398436,0.0,0.0019516295507911226,0.0019260639027494537,2.556564804166869e-05,1.6548819788560344e-08,0.00012210894783190577,0.0,0.0013577494181864532,1.6846515291578936e-11,1.6846515291578936e-11,0.0,8.764350338363582e-10,8.753559198280266e-10,1.0791140083316724e-12,0.0,0.0,0.0,0.0003394585683390846,0.0,0.0,0.0
2843daba-a204-47ea-bc26-c38db427204d,Non-ferrous metal ore mining| CEEIO | 2018,process,2.299685270982135e-11,0.00012181683332097494,0.05501446637970391,0.0,0.05501446637970391,0.0,0.0016369929933980085,0.0016174509019006168,1.9542091497391593e-05,4.584412497591834e-09,6.159380492843188e-05,0.0,0.0006948756978627687,1.349929069763914e-11,1.349929069763914e-11,0.0,7.005433807110691e-10,6.998371369190801e-10,7.062437919888748e-13,0.0,0.0,0.0,0.00017520105410767978,0.0,0.0,0.0
555f4abf-6dc4-48d1-bf42-17c5e62a58f9,Non-metallic minerals mining| CEEIO | 2018,process,2.9526938595097795e-12,8.644150260375048e-05,0.02870843286518189,0.0,0.02870843286518189,0.0,0.0015928132404401459,0.0015740182055288224,1.879503491132354e-05,4.1144919792747095e-09,4.435275222214312e-05,0.0,0.0004947757198664367,1.4692876745513483e-11,1.4692876745513483e-11,0.0,7.610818248857482e-10,7.604693899544977e-10,6.124349312505443e-13,0.0,0.0,0.0,0.0001322001445169193,0.0,0.0,0.0
2d8a34c9-c072-415a-8202-ea6acd4ed9c8,Auxiliary mining services and other mining | CEEIO | 2018,process,8.704559796109643e-11,0.0010085487169935981,0.44674099649642274,0.0,0.44674099649642274,0.0,0.004215908733147874,0.004164093928644859,5.1814804503015694e-05,1.1196446054738958e-08,0.0004973819204745181,0.0,0.005720129924083584,8.993820613445488e-12,8.993820613445488e-12,0.0,5.608450302494737e-10,5.586812735534911e-10,2.1637566959824837e-12,0.0,0.0,0.0,0.001290812255231025,0.0,0.0,0.0
c3ff2b4a-c9bd-4f19-9a9a-8d4f0f10dc86,Grain mill products| CEEIO | 2018,process,2.3957616422038066e-12,2.9248195429464924e-05,0.014281987348884074,0.0,0.014281987348884074,0.0,0.000715233755649935,0.000376169759789543,0.000339063995860392,1.4255254363321253e-09,1.50736490281458e-05,0.0,0.00016758562374501393,3.473883128315645e-12,3.473883128315645e-12,0.0,1.8878846156950332e-10,1.797052028139809e-10,9.083258755522398e-12,0.0,0.0,0.0,8.421824641496937e-05,0.0,0.0,0.0
b6fb6a57-98cd-4f3f-a53d-7471279c1788,Feeding stuff production| CEEIO | 2018,process,2.608363311926735e-12,2.0881614897887398e-05,0.010196559323296103,0.0,0.010196559323296103,0.0,0.0005106378574182298,0.00026856467364283287,0.00024207318377539704,1.0177473430939426e-09,1.0761762546025687e-05,0.0,0.00011964698697069858,2.480162916741107e-12,2.480162916741107e-12,0.0,1.3478465572913813e-10,1.2829970482650555e-10,6.484950902632578e-12,0.0,0.0,0.0,6.012723052449014e-05,0.0,0.0,0.0
4da6888b-abff-4d4b-9ddd-69c5f406793c,Vegetable oil and forage| CEEIO | 2018,process,4.722221462964128e-12,3.7878854619203875e-05,0.018496365827639895,0.0,0.018496365827639895,0.0,0.0009262874188032153,0.0004871712402760573,0.000439116178527158,1.8461744379759012e-09,1.9521633787458735e-05,0.0,0.00021703737221719308,4.498968638899742e-12,4.498968638899742e-12,0.0,2.4449681713936747e-10,2.3273323881198694e-10,1.1763578327380518e-11,0.0,0.0,0.0,0.00010906965935488733,0.0,0.0,0.0
8580afb3-9bf7-4b4c-84cb-cb477b04c78b,Sugar refining| CEEIO | 2018,process,3.18237890482351e-12,3.8937845013724415e-06,0.0019013474223390553,0.0,0.0019013474223390553,0.0,9.521839114226229e-05,5.0079123140634475e-05,4.513926800162783e-05,1.8977884853403274e-10,2.0067405904226634e-06,0.0,2.2310515052624104e-05,4.624747642033288e-13,4.624747642033288e-13,0.0,2.5133228730984535e-11,2.392398311275476e-11,1.2092456182297763e-12,0.0,0.0,0.0,1.1211895223218291e-05,0.0,0.0,0.0
5fd5a2c9-e731-4b85-9f48-c911950ef19d,Slaughtering and meat processing| CEEIO | 2018,process,2.547821724184897e-12,3.8664945803563196e-05,0.018880216666477604,0.0,0.018880216666477604,0.0,0.0009455104492096048,0.00049728139331802,0.00044822905589158484,1.8844876727627474e-09,1.992676177717446e-05,0.0,0.00022154149903653867,4.592334703457437e-12,4.592334703457437e-12,0.0,2.4957080352278195e-10,2.375630983517406e-10,1.2007705171041364e-11,0.0,0.0,0.0,0.00011133315698600324,0.0,0.0,0.0
0964d77f-553e-4413-a66a-1e94c6dd6d25,Prepared fish and seafood| CEEIO | 2018,process,5.853043547149759e-12,3.449528776068787e-05,0.016844159311721087,0.0,0.016844159311721087,0.0,0.0008435458617199681,0.00044365417832708013,0.00039989168339288794,1.6812630459559392e-09,1.777784417789002e-05,0.0,0.00019765029024029537,4.097093731722205e-12,4.097093731722205e-12,0.0,2.2265689257454187e-10,2.119441077351435e-10,1.0712784839398375e-11,0.0,0.0,0.0,9.932690212601044e-05,0.0,0.0,0.0
e889c355-0b11-44f5-baec-c1fef2861a68,Other food processing| CEEIO | 2018,process,2.8173272606139596e-12,2.9590231067191015e-05,0.014449004444439667,0.0,0.014449004444439667,0.0,0.0007235978762442097,0.0003805687820811294,0.00034302909416308023,1.442195883672593e-09,1.5249924011354069e-05,0.0,0.00016954541151481274,3.514507577575937e-12,3.514507577575937e-12,0.0,1.9099620057357204e-10,1.8180671994160708e-10,9.18948063196495e-12,0.0,0.0,0.0,8.52031154367244e-05,0.0,0.0,0.0
1c3567ce-873d-4054-8bab-31eaeb1c371f,Convenient foods| CEEIO | 2018,process,1.983392116474821e-12,7.274034002262123e-06,0.003575944736085376,0.0,0.003575944736085376,0.0,0.00012776268440634422,0.00012621691356241112,1.5457708439331286e-06,2.8844988333490003e-10,3.625613293544898e-06,0.0,4.135602614676385e-05,1.0770602541811393e-12,1.0770602541811393e-12,0.0,5.5719910018653054e-11,5.5665964818596193e-11,5.394520005686222e-14,0.0,0.0,0.0,1.0654932246097975e-05,0.0,0.0,0.0
75d5c342-c276-4303-8a14-493aab89f78b,Liquid milk and dairy products| CEEIO | 2018,process,1.3696880974664172e-12,8.514535214921141e-06,0.004185780183670036,0.0,0.004185780183670036,0.0,0.00014955111224285885,0.0001477417283053114,1.8093839375474387e-06,3.3764162892710084e-10,4.243919131251516e-06,0.0,4.840881151590899e-05,1.2607402522404042e-12,1.2607402522404042e-12,0.0,6.522228736881321e-11,6.515914244738209e-11,6.314492143111756e-14,0.0,0.0,0.0,1.2472006013965127e-05,0.0,0.0,0.0
07afef31-b5d4-414d-a038-2188f5847491,Spices and fermentation products| CEEIO | 2018,process,3.4576878130546476e-12,1.4214181272079656e-05,0.00698774939488177,0.0,0.00698774939488177,0.0,0.0002496609110425547,0.0002466403220579654,3.0205889845893064e-06,5.636595771146287e-10,7.084806664483864e-06,0.0,8.081376195934149e-05,2.104682173484734e-12,2.104682173484734e-12,0.0,1.088822105069617e-10,1.0877679625509977e-10,1.0541425186194912e-13,0.0,0.0,0.0,2.082079054629993e-05,0.0,0.0,0.0
27b976ec-0157-4d4b-8868-83b43fbf5cec,Other food manufacturing| CEEIO | 2018,process,1.5572397718699807e-12,2.8423056019813183e-05,0.013972890080786305,0.0,0.013972890080786305,0.0,0.0004992286171598755,0.0004931885668552933,6.040050304582282e-06,1.1271087254179432e-09,1.4166968385982056e-05,0.0,0.00016159735403502027,4.2085786142578435e-12,4.2085786142578435e-12,0.0,2.177237724468441e-10,2.1751298329700794e-10,2.1078914983616976e-13,0.0,0.0,0.0,4.1633808148817546e-05,0.0,0.0,0.0
de346853-89b7-4de6-9db8-2794e6f4cc8b,"Wines, spirits and liquors| CEEIO | 2018",process,6.9072902847292304e-12,8.075629157143767e-05,0.0395654912876981,0.0,0.0395654912876981,0.0,0.0014149212879451996,0.0013977768882452648,1.7144399699934707e-05,3.172117066074511e-09,4.020519781197646e-05,0.0,0.0004590130781715993,1.1913695132067075e-11,1.1913695132067075e-11,0.0,6.167249947967461e-10,6.161279771631977e-10,5.970176335485231e-13,0.0,0.0,0.0,0.0001181194559113161,0.0,0.0,0.0
5b6b8ef3-630d-4edc-8d08-6a5bc8109332,Non-alcoholic beverage| CEEIO | 2018,process,5.725636757729238e-12,5.160585331459949e-05,0.025283614440205063,0.0,0.025283614440205063,0.0,0.0009041799594377316,0.0008932241396636272,1.095581977410436e-05,2.0270842657970347e-09,2.569240737031502e-05,0.0,0.0002933240385444391,7.613232250473506e-12,7.613232250473506e-12,0.0,3.941069977039983e-10,3.937254843404744e-10,3.815133635238807e-13,0.0,0.0,0.0,7.548211039343499e-05,0.0,0.0,0.0
3c728a59-42c7-4210-bca9-0f8b18a7a46f,Tea| CEEIO | 2018,process,9.41313236481202e-12,3.1053842545482054e-05,0.015214424941689357,0.0,0.015214424941689357,0.0,0.0005440906465006796,0.0005374979776391134,6.592668861566252e-06,1.219798754857073e-09,1.5460416248294667e-05,0.0,0.00017650785565417627,4.5812655034909814e-12,4.5812655034909814e-12,0.0,2.371540409992657e-10,2.369244651825915e-10,2.2957581667419417e-13,0.0,0.0,0.0,4.542138964099436e-05,0.0,0.0,0.0
9b752831-df59-4b07-be07-8bcd2dd19100,Tobacco products| CEEIO | 2018,process,9.465147064349295e-12,7.9372944707913e-06,0.004884131179863859,0.0,0.004884131179863859,0.0,0.00014534465170688927,0.0001435709857157406,1.7736659911486814e-06,2.521332029061611e-10,3.5602921206398303e-06,0.0,4.409043067519264e-05,8.817371751640735e-13,8.817371751640735e-13,0.0,4.5907998575371965e-11,4.584945978192619e-11,5.853879344577722e-14,0.0,0.0,0.0,1.026802190749535e-05,0.0,0.0,0.0
4f4f710f-4b89-4459-b8ba-b984f653a2a2,Cotton textiles| CEEIO | 2018,process,3.417804900512208e-12,9.071968480779962e-05,0.04109825872447345,0.0,0.04109825872447345,0.0,0.0010745691811315224,0.0010614622415686613,1.310693956286091e-05,2.441323865752115e-09,4.5774592687108856e-05,0.0,0.0005172387928329349,8.776778865501907e-12,8.776778865501907e-12,0.0,4.536773233477835e-10,4.53201869609136e-10,4.754537386474881e-13,0.0,0.0,0.0,0.00012855694874660246,0.0,0.0,0.0
28455c96-f47b-4416-adb3-f21a20851bc4,Woolen textiles| CEEIO | 2018,process,3.716415879656975e-12,9.70694457363644e-06,0.004397485731532604,0.0,0.004397485731532604,0.0,0.0001149781715388499,0.00011357573791999153,1.4024336188583742e-06,2.6121999322813134e-10,4.8978502850392194e-06,0.0,5.534419904567676e-05,9.39109369294965e-13,9.39109369294965e-13,0.0,4.854316504056075e-11,4.8492291813893827e-11,5.0873226666927327e-14,0.0,0.0,0.0,1.3755506080988973e-05,0.0,0.0,0.0
52acbae5-5064-4977-b777-d2167e21a555,Hemp textiles | CEEIO | 2018,process,3.841841167083714e-12,9.135793325240586e-06,0.004138740103975476,0.0,0.004138740103975476,0.0,0.0001082129195365831,0.0001068930043359692,1.319915200613898e-06,2.458499533451992e-10,4.609663483977868e-06,0.0,5.2087776992721205e-05,8.838526935630539e-13,8.838526935630539e-13,0.0,4.568691206582932e-11,4.5639032191674124e-11,4.787987415519502e-14,0.0,0.0,0.0,1.2946139713346225e-05,0.0,0.0,0.0
a0428324-887a-4c0e-8b9a-d0316f7b8e2e,Knitted mills| CEEIO | 2018,process,2.431852532683418e-12,9.04164833909017e-06,0.004096090099110282,0.0,0.004096090099110282,0.0,0.00010709777786816109,0.00010579146448556755,1.3063133825935411e-06,2.433164524625975e-10,4.562160580901221e-06,0.0,5.1551008825031006e-05,8.747445300317483e-13,8.747445300317483e-13,0.0,4.521610525676883e-11,4.516871878804968e-11,4.738646871915363e-14,0.0,0.0,0.0,1.281272884243182e-05,0.0,0.0,0.0
35ca4bc3-2419-4758-a1f9-d79ec2450c4b,Finished textile products| CEEIO | 2018,process,3.5372090062830255e-12,1.9688655602463697e-05,0.008919447456210055,0.0,0.008919447456210055,0.0,0.00023321093512552657,0.00023036637035877058,2.844564766755979e-06,5.298341248506654e-10,9.934339968981632e-06,0.0,0.00011225498057998298,1.904801331132848e-12,1.904801331132848e-12,0.0,9.846040132266989e-11,9.835721484296632e-11,1.0318647970356882e-13,0.0,0.0,0.0,2.7900377900759863e-05,0.0,0.0,0.0
9fbb4094-ec26-478d-92a8-5f2ec0436c6d,Wearing apparel| CEEIO | 2018,process,4.275626282806968e-12,2.7670299338308824e-05,0.011240902816970886,0.0,0.011240902816970886,0.0,0.00019528107892695493,0.00019285641494121855,2.4246639857363456e-06,4.595447968096152e-10,1.4133399783775561e-05,0.0,0.00015821201174545226,1.5412768242977021e-12,1.5412768242977021e-12,0.0,8.070953522542064e-11,8.0615420652149e-11,9.411457327165125e-14,0.0,0.0,0.0,3.823029336505413e-05,0.0,0.0,0.0
6f7023dd-c982-4b61-943d-fccef1e09dc2,"Leather, furs, down and related products| CEEIO | 2018",process,1.3830500841206908e-12,2.0434663637479344e-06,0.0007931526286519988,0.0,0.0007931526286519988,0.0,1.72323624444957e-05,1.7022152418791412e-05,2.1021002570429012e-07,4.354605821554257e-11,1.0592822378384557e-06,0.0,1.172468182469539e-05,1.549790668093672e-13,1.549790668093672e-13,0.0,8.105976718536003e-12,8.097923161120388e-12,8.05355741561546e-15,0.0,0.0,0.0,2.9120720759682722e-06,0.0,0.0,0.0
4939740a-09d5-4378-8852-4eb67673ae6c,Footwear| CEEIO | 2018,process,7.215939439073534e-13,1.0385080634907754e-06,0.0004030873299638074,0.0,0.0004030873299638074,0.0,8.757642244123522e-06,8.650811610356635e-06,1.0683063376688725e-07,2.2130500111162098e-11,5.383368011451572e-07,0.0,5.958589205489783e-06,7.876176158760425e-14,7.876176158760425e-14,0.0,4.119530584897128e-12,4.115437694275447e-12,4.092890621680065e-15,0.0,0.0,0.0,1.4799413320474965e-06,0.0,0.0,0.0
1eeae29b-1065-4cd4-aee1-feb2b56e8f8c,"Sawmills, fibreboard, and products of wood, bamboo, cane, palm, straw, etc.| CEEIO | 2018",process,2.879421664519757e-12,1.023008709036365e-05,0.005655098919093854,0.0,0.005655098919093854,0.0,0.0001676743676792535,0.0001656353543249716,2.0390133542819123e-06,3.3345247163078675e-10,4.8713569401873795e-06,0.0,5.756646887570593e-05,1.1900440170894472e-12,1.1900440170894472e-12,0.0,6.185820498079511e-11,6.178817518314041e-11,7.002979765470325e-14,0.0,0.0,0.0,1.4008642773653228e-05,0.0,0.0,0.0
5c6ac872-5f39-4117-ba1c-ee2f174c5041,Furniture| CEEIO | 2018,process,1.7061994985909262e-12,2.3392499056743937e-06,0.0012106129094534167,0.0,0.0012106129094534167,0.0,1.9089079445404007e-05,1.8850528816973806e-05,2.385506284302009e-07,3.624450979923793e-11,1.0940409946487892e-06,0.0,1.3111364767428709e-05,6.521098472356272e-14,6.521098472356272e-14,0.0,3.625653278830826e-12,3.6172952453461785e-12,8.35803348464758e-15,0.0,0.0,0.0,2.899823096934919e-06,0.0,0.0,0.0
d121bfcb-4007-47cf-9857-dde6a7f2d70e,Paper and paper products| CEEIO | 2018,process,9.176299090351155e-12,0.0004311553388042457,0.18269335134856268,0.0,0.18269335134856268,0.0,0.011644717678909712,0.0062344720668841965,0.0054102456120255155,1.532071141063439e-08,0.0002216046556580354,0.0,0.0024688529934454528,5.747218084261979e-11,5.747218084261979e-11,0.0,3.1145921938131444e-09,2.969760594880224e-09,1.4483159893292041e-10,0.0,0.0,0.0,0.0012943466375055258,0.0,0.0,0.0
4c53fdde-147a-4642-a687-94ca8bde4a3b,Printing and record medium reproduction| CEEIO | 2018,process,1.1544072913692426e-11,5.045069550137669e-05,0.026650739677087018,0.0,0.026650739677087018,0.0,0.0007222599377526407,0.000713435306802988,8.824630949652678e-06,1.4098470626338431e-09,2.415022435892274e-05,0.0,0.00028422634072975675,4.971627429458424e-12,4.971627429458424e-12,0.0,2.5919222741187715e-10,2.588871460365251e-10,3.0508137535207176e-13,0.0,0.0,0.0,6.829382606791305e-05,0.0,0.0,0.0
e0fb4c3d-f8c5-4e94-a1ac-451aabde652e,Arts and crafts| CEEIO | 2018,process,2.7496525434240765e-12,6.5542865881185144e-06,0.0029417567407467185,0.0,0.0029417567407467185,0.0,2.890397221932549e-05,2.852569996369646e-05,3.782722556290324e-07,6.610876536975411e-11,3.302351916860643e-06,0.0,3.735685003823769e-05,1.5388008192337676e-13,1.5388008192337676e-13,0.0,8.101705817507776e-12,8.085781311075555e-12,1.5924506432221885e-14,0.0,0.0,0.0,8.688233016206975e-06,0.0,0.0,0.0
2f9037a8-d016-4ab8-a09c-feec2a2deef5,"Culture and education, sports and recreational products| CEEIO | 2018",process,6.022200451921836e-12,3.363453089955071e-05,0.015096167472287824,0.0,0.015096167472287824,0.0,0.00014832606625608843,0.0001463848923847076,1.941173871380825e-06,3.392493266301368e-10,1.6946628148697516e-05,0.0,0.00019170356834849288,7.896640314232813e-13,7.896640314232813e-13,0.0,4.1575398175602e-11,4.1493678632757226e-11,8.171954284477133e-14,0.0,0.0,0.0,4.458527071059869e-05,0.0,0.0,0.0
68b8e60a-0de3-4e88-8e60-82f87719e267,Petroleum refining and nuclear fuel| CEEIO | 2018,process,5.343186398981316e-11,0.05152389884825935,25.67362253998249,0.0,25.67362253998249,0.0,0.16521273518239765,0.11557596294116654,0.04963677224123111,5.743010731215462e-07,0.026962577208117608,0.0,0.29629040902526876,9.908281299564708e-10,9.908281299564708e-10,0.0,5.207594531186589e-08,5.073421461233953e-08,1.3417306995263604e-09,0.0,0.0,0.0,0.07809559007438839,0.0,0.0,0.0
145d812d-12db-4311-9ddf-b48597a3c70b,Coking| CEEIO | 2018,process,5.699641621261666e-12,0.0008978984213641298,0.44740995275297557,0.0,0.44740995275297557,0.0,0.0028791348757671972,0.002014123096121606,0.0008650117796455912,1.0008249345846675e-08,0.0004698723515154783,0.0,0.005163403711210197,1.726699713372222e-11,1.726699713372222e-11,0.0,9.075188433289305e-10,8.84136725439356e-10,2.3382117889574425e-11,0.0,0.0,0.0,0.0013609588678412385,0.0,0.0,0.0
6bc2a8e5-7307-45a9-8e98-c221a177f1a0,Raw chemical materials| CEEIO | 2018,process,9.640384226255668e-12,0.005789206684800359,2.2252959849580383,0.0,2.2252959849580383,0.0,0.17317488458598382,0.1714865354460509,0.0016883491399329155,1.9736516907303166e-07,0.0018080994983893626,0.0,0.03009337712654183,2.480798744623502e-09,2.480798744623502e-09,0.0,2.7525639610780474e-07,2.7519922889648086e-07,5.716721132391777e-11,0.0,0.0,0.0,0.004987200392980257,0.0,0.0,0.0
a0726d31-44bb-4ec8-8e05-a7ad8068593e,Chemical fertilizers| CEEIO | 2018,process,3.039895405739339e-12,0.0004778618320183202,0.18368389212065778,0.0,0.18368389212065778,0.0,0.014294474547797755,0.01415511216931969,0.00013936237847806613,1.6291227175817576e-08,0.00014924700150026563,0.0,0.002484015014192468,2.0477400402494298e-10,2.0477400402494298e-10,0.0,2.2720647729538084e-08,2.27159289433862e-08,4.718786151883237e-12,0.0,0.0,0.0,0.0004116613633244668,0.0,0.0,0.0
e2f10c57-cc78-4968-9728-da28b567237c,Chemical pesticides| CEEIO | 2018,process,2.9416871703865182e-12,0.0001807351758642512,0.06947225813294185,0.0,0.06947225813294185,0.0,0.005406404525700316,0.005353695390348975,5.270913535134143e-05,6.161609091543803e-09,5.644766176330344e-05,0.0,0.0009394951853411561,7.744888407085854e-11,7.744888407085854e-11,0.0,8.593321307549698e-09,8.59153658529761e-09,1.7847222520875316e-12,0.0,0.0,0.0,0.00015569707373932413,0.0,0.0,0.0
2acca6f4-4b4b-488e-ba8c-b600157c3bbf,"Chemicals for painting, dying and others| CEEIO | 2018",process,5.536771447334049e-12,0.0008783177891191201,0.33761396959200124,0.0,0.33761396959200124,0.0,0.026273475804529052,0.026017325495067748,0.0002561503094613014,2.9943539484343784e-08,0.00027431840671750013,0.0,0.004565659839768463,3.7637793695430033e-10,3.7637793695430033e-10,0.0,4.176091862552684e-08,4.1752245420130325e-08,8.673205396511165e-12,0.0,0.0,0.0,0.0007566402551418811,0.0,0.0,0.0
9918854c-bfea-41ce-b768-db5a78fee475,Synthetic chemicals| CEEIO | 2018,process,9.137925461726694e-12,0.004069661885492221,1.564325260264032,0.0,1.564325260264032,0.0,0.12173744447135705,0.12055057889230827,0.0011868655790487652,1.3874258595898512e-07,0.0012710469697156006,0.0,0.021154862240309547,1.7439370618911289e-09,1.7439370618911289e-09,0.0,1.9349809481132953e-07,1.93457907747075e-07,4.018706425453015e-11,0.0,0.0,0.0,0.0035058722998975974,0.0,0.0,0.0
d8defa62-c0ec-42c0-a8c3-bad23aeef7bb,Chemicals for special usages| CEEIO | 2018,process,1.0049330128761575e-11,0.004607800280790953,1.7711786817447557,0.0,1.7711786817447557,0.0,0.13783499627268095,0.13649118941543376,0.0013438068572472,1.5708875688628668e-07,0.0014391196980841246,0.0,0.023952206083381417,1.9745408610258005e-09,1.9745408610258005e-09,0.0,2.190846809123359e-07,2.1903917984341018e-07,4.550106892572759e-11,0.0,0.0,0.0,0.003969459827970825,0.0,0.0,0.0
865114ea-f95f-496e-9b32-5f8e6f38fa44,Chemical products for daily use| CEEIO | 2018,process,4.119758134015199e-12,0.0003845423151720028,0.1478130798552126,0.0,0.1478130798552126,0.0,0.01150297003960484,0.011390823121652668,0.00011214691795217047,1.3109785706722374e-08,0.0001201012168035869,0.0,0.0019989227439344147,1.647845973849899e-10,1.647845973849899e-10,0.0,1.8283633248593743e-08,1.827983597325166e-08,3.797275342085071e-12,0.0,0.0,0.0,0.00033126984227019096,0.0,0.0,0.0
f4e78357-cc64-421b-ae4a-2f358aa3de65,Medical and pharmaceutical products| CEEIO | 2018,process,3.9125111606436767e-13,1.042871708174764e-05,0.004983188718670914,0.0,0.004983188718670914,0.0,0.0001885628429448859,0.0001862878710835975,2.274971861288407e-06,4.412899958827697e-10,5.25617125542171e-06,0.0,5.9444033995874274e-05,1.6483007023932897e-12,1.6483007023932897e-12,0.0,8.528798177315888e-11,8.520830826451834e-11,7.967350864054021e-14,0.0,0.0,0.0,1.5550056652971958e-05,0.0,0.0,0.0
4d2ac770-57e3-4e93-9614-26bdf8dacaaf,Chemical fibers| CEEIO | 2018,process,5.16301572815498e-12,0.0001384205477320049,0.06193544281514472,0.0,0.06193544281514472,0.0,0.0021400777512785396,0.002114068944949222,2.600880632931785e-05,5.8975279209180835e-09,7.135188951468041e-05,0.0,0.0007931556178144925,1.9753745293543128e-11,1.9753745293543128e-11,0.0,1.021131429199995e-09,1.0201896518749424e-09,9.417773250526941e-13,0.0,0.0,0.0,0.00020805558750196628,0.0,0.0,0.0
89091849-a746-4331-a0dc-5b8d82ba4a85,Rubber products| CEEIO | 2018,process,3.298434138611358e-11,0.00016448956031940936,0.07693955170102558,0.0,0.07693955170102558,0.0,0.005024041206109103,0.002087407329738508,0.0029366338763705947,4.674134415402277e-09,8.239526575849399e-05,0.0,0.0009362633300593913,1.689933499909213e-11,1.689933499909213e-11,0.0,9.534466377873865e-10,8.749697357198929e-10,7.847690206749364e-11,0.0,0.0,0.0,0.000589493223332564,0.0,0.0,0.0
74013114-ff7c-419b-80a4-465f8c10f79d,Plastic products| CEEIO | 2018,process,7.771808061648716e-12,0.00013012040809847126,0.06086347271407689,0.0,0.06086347271407689,0.0,0.003974296549720388,0.001651255514853881,0.0023230410348665065,3.6975007803427603e-09,6.517924654341815e-05,0.0,0.0007406364656723227,1.3368315669424128e-11,1.3368315669424128e-11,0.0,7.542294195941805e-10,6.921498170741347e-10,6.207960252004582e-11,0.0,0.0,0.0,0.00046632198810896494,0.0,0.0,0.0
34fd10a9-02a6-425a-9553-5e029b9a5949,"Cement, lime and plaster| CEEIO | 2018",process,6.212211350663601e-13,0.002223860335899598,0.16159122177434646,0.0,0.16159122177434646,0.0,0.005065246166433284,0.0049149933441580695,0.0001502528222752148,6.133822467813643e-07,0.0011596659279042073,0.0,0.012777709244167948,3.3721348063218904e-11,3.3721348063218904e-11,0.0,2.2628270691627767e-09,2.2586087418458652e-09,4.218327316911326e-12,0.0,0.0,0.0,0.0036342371139070637,0.0,0.0,0.0
781fcde8-9422-403d-b2df-1aa5a94152f0,Cement and plaster products| CEEIO | 2018,process,4.0592810978943545e-13,0.0020523327032720847,0.14912759747343962,0.0,0.14912759747343962,0.0,0.004674560802978376,0.00453589706769951,0.0001386637352788659,5.660717196822817e-07,0.001070220224844023,0.0,0.011792157147359577,3.112040100331619e-11,3.112040100331619e-11,0.0,2.0882939098841677e-09,2.084400944590508e-09,3.892965293659504e-12,0.0,0.0,0.0,0.003353926305493208,0.0,0.0,0.0
4ef1c1c6-bb40-482a-a52d-5357d548aae3,"Brick, tile, stone and other building materials| CEEIO | 2018",process,2.942181861701683e-13,0.0010249917164877544,0.07447844682604143,0.0,0.07447844682604143,0.0,0.0023346049564147943,0.0022653524517836066,6.925250463118785e-05,2.8271187351215523e-07,0.0005344975809886303,0.0,0.005889329432939918,1.5542389005116123e-11,1.5542389005116123e-11,0.0,1.0429517377033807e-09,1.0410074831620903e-09,1.944254541290281e-12,0.0,0.0,0.0,0.0016750435615824045,0.0,0.0,0.0
d29c6443-e345-4686-8036-5990b50e3356,Glass and glass products| CEEIO | 2018,process,5.809625691255385e-12,0.01471062215915189,1.0689103849664818,0.0,1.0689103849664818,0.0,0.03350611605173064,0.032512208088556885,0.0009939079631737606,4.057464547512703e-06,0.0076710785389048205,0.0,0.08452331727676593,2.230634730281271e-10,2.230634730281271e-10,0.0,1.4968383350606923e-08,1.494047952126073e-08,2.790382934619374e-11,0.0,0.0,0.0,0.024040128850010275,0.0,0.0,0.0
0755699d-7d1f-44c2-b3d7-cb10bea54865,Ceramic products| CEEIO | 2018,process,4.946893148469893e-12,0.009313518414473039,0.6767434066419354,0.0,0.6767434066419354,0.0,0.02121323119234103,0.020583972958585682,0.0006292582337553487,2.5688424575449586e-06,0.00485667638377288,0.0,0.05351299648599578,1.412248741873434e-10,1.412248741873434e-10,0.0,9.476710941422654e-09,9.459044603069426e-09,1.7666338353229216e-11,0.0,0.0,0.0,0.015220170860794078,0.0,0.0,0.0
cbf2300d-3038-4f18-8eaf-14ad3b94acba,Fireproof  products| CEEIO | 2018,process,3.3552486127177014e-12,0.002831615037591986,0.20575218961941102,0.0,0.20575218961941102,0.0,0.006449517976665417,0.006258202836893823,0.00019131513977159348,7.810123530421585e-07,0.0014765888968060045,0.0,0.01626970590629645,4.293699326448844e-11,4.293699326448844e-11,0.0,2.8812309177318765e-09,2.8758597714997012e-09,5.371146232175275e-12,0.0,0.0,0.0,0.004627431091688281,0.0,0.0,0.0
b2ac28de-6161-40a5-89c3-905e2374a417,Other non-metallic mineral products| CEEIO | 2018,process,4.9140942644043396e-12,0.008016943058783881,0.5825310172818069,0.0,0.5825310172818069,0.0,0.01826004512940435,0.017718388667819638,0.0005416564615847145,2.2112227401753214e-06,0.004180557367357777,0.0,0.04606321978882387,1.2156434598169088e-10,1.2156434598169088e-10,0.0,8.157416845161008e-09,8.142209914511152e-09,1.5206930649856008e-11,0.0,0.0,0.0,0.013101304760006925,0.0,0.0,0.0
fded050d-83a2-44cf-a145-bfd92501eb89,"Steel, iron and their castings| CEEIO | 2018",process,4.926369052221969e-12,0.0014518731065486699,1.9768207959274335,0.0,1.9768207959274335,0.0,0.01783550196167715,0.01775805768282747,7.744427884968083e-05,1.9618116219265048e-07,0.0007551052801382098,0.0,0.008336850267137264,8.264453416126513e-11,8.264453416126513e-11,0.0,7.917419938264436e-09,7.912793619471403e-09,4.6263187930311566e-12,0.0,0.0,0.0,0.0020395615529038287,0.0,0.0,0.0
480c9e82-b9ba-42d2-b167-e203879aa639,Steel processing| CEEIO | 2018,process,4.550227798416918e-12,0.011657254114265346,15.87211874959948,0.0,15.87211874959948,0.0,0.14320327147390335,0.14258146256086907,0.0006218089130342959,1.57516083864108e-06,0.0060628260788709335,0.0,0.06693751791272139,6.635623537122496e-10,6.635623537122496e-10,0.0,6.356986415231573e-08,6.3532718913148e-08,3.7145239167743834e-11,0.0,0.0,0.0,0.016375871415101915,0.0,0.0,0.0
a9c3f28c-b050-453b-8a4c-c9a65c369726,Iron alloy smelting | CEEIO | 2018,process,8.612429465325477e-12,0.002227864933932704,3.0333847441977073,0.0,3.0333847441977073,0.0,0.027368155812159792,0.027249319398423157,0.00011883641373663417,3.010353521776726e-07,0.001158691188272214,0.0,0.012792699503715197,1.268160824858656e-10,1.268160824858656e-10,0.0,1.2149093586842103e-08,1.214199461010254e-08,7.098976739564312e-12,0.0,0.0,0.0,0.0031296589514721836,0.0,0.0,0.0
d43726ce-bc27-4517-89e1-f898a16680ea,Nonferrous metal smelting| CEEIO | 2018,process,1.5892964325058443e-11,0.0012882397206357957,1.1944800199741075,0.0,1.1944800199741075,0.0,0.9964690380936557,0.9962335202348934,0.0002355178587623642,2.52920390313474e-06,0.0006594914233260445,0.0,0.007369730436443807,1.4490463089620945e-09,1.4490463089620945e-09,0.0,1.6425217702239797e-07,1.6423898060223227e-07,1.3196420165702895e-11,0.0,0.0,0.0,0.001879811318014186,0.0,0.0,0.0
b4736e92-5063-43fc-a76a-877a768ae7fa,Nonferrous metal processing| CEEIO | 2018,process,8.506830765477033e-12,0.0006113782689904707,0.566881392692233,0.0,0.566881392692233,0.0,0.4729085013087668,0.47279672824471675,0.0001117730640500757,1.2003203126350597e-06,0.0003129842360458694,0.0,0.003497557919527329,6.876945415275996e-10,6.876945415275996e-10,0.0,7.795149463044724e-08,7.794523181740977e-08,6.262813037465191e-12,0.0,0.0,0.0,0.0008921288260456653,0.0,0.0,0.0
79bc31f3-d5a1-4839-8ef7-97588d1ebbbb,Metal products| CEEIO | 2018,process,5.491523281786508e-12,0.00041459926760959673,0.2085694867035553,0.0,0.2085694867035553,0.0,0.001682662287355524,0.0016583766577529073,2.4285629602616755e-05,2.2483208684228454e-08,0.00021316206093892334,0.0,0.002374225798140125,1.2086572283766089e-11,1.2086572283766089e-11,0.0,6.28217129230614e-10,6.270238250819026e-10,1.1933041487115462e-12,0.0,0.0,0.0,0.0005706303161035237,0.0,0.0,0.0
3d38c303-947b-4c84-b10b-9516996bbb7b,"Boiler, engines and turbine| CEEIO | 2018",process,2.561694596184554e-12,9.775484612202134e-06,0.004578637807521065,0.0,0.004578637807521065,0.0,3.4611767619234836e-05,3.4068180662070746e-05,5.43586957164086e-07,7.004944702610465e-10,4.9509566932699765e-06,0.0,5.5783474771321295e-05,1.6908697447385258e-13,1.6908697447385258e-13,0.0,8.9845955900013e-12,8.955914717735354e-12,2.8680872265945406e-14,0.0,0.0,0.0,1.3202080916513725e-05,0.0,0.0,0.0
2634c404-f114-44a8-99ec-870cc0f7cbdf,Metalworking machinery| CEEIO | 2018,process,2.5496705703334516e-12,1.248613534749166e-05,0.005848251379833315,0.0,0.005848251379833315,0.0,4.420928805618984e-05,4.351496950426764e-05,6.943185519221997e-07,8.947350553783511e-10,6.3238108210589074e-06,0.0,7.125171219426615e-05,2.159732159102432e-13,2.159732159102432e-13,0.0,1.147594017376919e-11,1.1439306363047448e-11,3.6633810721741975e-14,0.0,0.0,0.0,1.6862894857034896e-05,0.0,0.0,0.0
6eb75507-706d-4f16-a27d-75585b8ea215,Material handling equipment| CEEIO | 2018,process,7.695240192399488e-12,3.7877307833940315e-05,0.017740959203098268,0.0,0.017740959203098268,0.0,0.00013411105728243123,0.00013200480768685435,2.106249595576907e-06,2.71422295043371e-09,1.918359223944902e-05,0.0,0.00021614558559303985,6.551654098929591e-13,6.551654098929591e-13,0.0,3.481283091593753e-11,3.4701700443039325e-11,1.1113047289820362e-13,0.0,0.0,0.0,5.11544238225475e-05,0.0,0.0,0.0
9840b907-4b3c-475f-b8f6-1d710fedaef0,"Pump, valve, compressor and similar machinery| CEEIO | 2018",process,5.530024064532453e-12,3.737372287367185e-05,0.017505090268733002,0.0,0.017505090268733002,0.0,0.000132328028991476,0.0001302497823264018,2.078246665074184e-06,2.6781369154217612e-09,1.8928543264530766e-05,0.0,0.00021327189492288234,6.464548793463665e-13,6.464548793463665e-13,0.0,3.4349988674073497e-11,3.4240335698863996e-11,1.0965297520949746e-13,0.0,0.0,0.0,5.047431744853664e-05,0.0,0.0,0.0
331a60fb-db01-4969-a884-f9bca48bdcb2,"Oven, fan, packaging, etc.| CEEIO | 2018",process,4.269725209959868e-12,2.3167402746019416e-05,0.010851139388280024,0.0,0.010851139388280024,0.0,8.202813384673828e-05,8.073986032745067e-05,1.288273519287617e-06,1.6601363674226419e-09,1.1733516264545304e-05,0.0,0.00013220400602814543,4.007275538904657e-13,4.007275538904657e-13,0.0,2.1293035875055205e-11,2.1225063662397543e-11,6.797221265766096e-14,0.0,0.0,0.0,3.1288262199975954e-05,0.0,0.0,0.0
a288d4b4-7a7f-4f3b-90ec-1e5adc75e3e5,Cultural and office equipment| CEEIO | 2018,process,5.8188021637321964e-12,7.982189192164162e-06,0.0037386947728820326,0.0,0.0037386947728820326,0.0,2.826229986256574e-05,2.7818432974466864e-05,4.4386688809887225e-07,5.719899945122912e-10,4.042712415358182e-06,0.0,4.5550094658754274e-05,1.3806826707048332e-13,1.3806826707048332e-13,0.0,7.336387366919347e-12,7.312967950112399e-12,2.3419416806948215e-14,0.0,0.0,0.0,1.0780182444799858e-05,0.0,0.0,0.0
8c7781d9-17fd-4d62-9cd9-0baa803e0d30,Other general equipment| CEEIO | 2018,process,6.9780713537914336e-12,7.477101160136836e-05,0.03502121830331437,0.0,0.03502121830331437,0.0,0.0002647394969013902,0.0002605816931409777,4.157803760412485e-06,5.357962519546553e-09,3.7869021847600165e-05,0.0,0.00042667826760063826,1.2933173782753934e-12,1.2933173782753934e-12,0.0,6.872163659845981e-11,6.850226150678839e-11,2.193750916714169e-13,0.0,0.0,0.0,0.00010098046127950266,0.0,0.0,0.0
c0c1a981-a60a-4612-959c-d3337d50f0a2,"Mining, metallurgy and construction equipment| CEEIO | 2018",process,6.13885155840821e-12,2.6300457715839344e-05,0.012634791600580874,0.0,0.012634791600580874,0.0,9.814954278794863e-05,9.68254795207695e-05,1.324063267179143e-06,4.793322223822931e-10,1.3260760745372577e-05,0.0,0.00014992679149619336,4.494771314201263e-13,4.494771314201263e-13,0.0,2.4462046274605514e-11,2.4402893036108955e-11,5.915323849655932e-14,0.0,0.0,0.0,3.4770149527158634e-05,0.0,0.0,0.0
f8f2b2d2-f499-4724-9c87-397f0f0d1bb1,"Chemical engineering, wood and non-metallic processing equipment| CEEIO | 2018",process,2.4934677854171098e-12,5.644614232114024e-06,0.0027116837759626616,0.0,0.0027116837759626616,0.0,2.106489218104692e-05,2.0780721219351538e-05,2.841709616953816e-07,1.0287446376800025e-10,2.8460295117567396e-06,0.0,3.217734498000531e-05,9.646695279739783e-14,9.646695279739783e-14,0.0,5.250053669792704e-12,5.23735817926167e-12,1.2695490531034588e-14,0.0,0.0,0.0,7.462382708097627e-06,0.0,0.0,0.0
9e7e114f-3645-43d8-af37-7b6c1f4f6bcf,"Cultivation, forestry, animal husbandry and fishery machinery| CEEIO | 2018",process,1.5507588864563225e-12,1.4073520411748283e-06,0.0006760946878193369,0.0,0.0006760946878193369,0.0,5.252036328622786e-06,5.181184970755088e-06,7.085135786769751e-08,2.5649332375090896e-11,7.095906430286832e-07,0.0,8.022665548968256e-06,2.4051769942564807e-14,2.4051769942564807e-14,0.0,1.3089776279880425e-12,1.3058123054738988e-12,3.165322514143835e-15,0.0,0.0,0.0,1.8605699352346437e-06,0.0,0.0,0.0
fbd11604-5950-4a36-9646-1dce82230472,"Medical instruments, equipment and instruments| CEEIO | 2018",process,8.773501740081271e-14,1.165922018845334e-07,5.601112303748058e-05,0.0,5.601112303748058e-05,0.0,4.3510540505594985e-07,4.2923571816978307e-07,5.869686886166762e-09,2.1249211647028127e-12,5.878609835127858e-08,0.0,6.646384230604887e-07,1.992570966453383e-15,1.992570966453383e-15,0.0,1.084423650938953e-13,1.0818013367574164e-13,2.6223141815365544e-16,0.0,0.0,0.0,1.5413907761705727e-07,0.0,0.0,0.0
67d930bd-3f83-496b-b3cd-a3da4c1f9e7a,Other special equipment| CEEIO | 2018,process,4.127299427392974e-12,2.1381233787211416e-05,0.010271586752728627,0.0,0.010271586752728627,0.0,7.979170336618104e-05,7.871529220366478e-05,1.076411162516255e-06,3.896781728755686e-10,1.07804749543325e-05,0.0,0.00012188456241261686,3.654071625951613e-13,3.654071625951613e-13,0.0,1.9886677865531332e-11,1.9838588617989303e-11,4.8089247542026886e-14,0.0,0.0,0.0,2.826675884841161e-05,0.0,0.0,0.0
72bde5f8-0bb8-49a2-8ff1-f99c325bf650,Automobile vehicle| CEEIO | 2018,process,3.3877415617629913e-12,3.8946164454272604e-05,0.01668616649035145,0.0,0.01668616649035145,0.0,0.00012824702201295256,0.00012647689565014768,1.770126362804874e-06,6.42153080383735e-10,1.959711587709869e-05,0.0,0.00022191034938268584,4.798246539917078e-13,4.798246539917078e-13,0.0,2.7189864814693272e-11,2.7108890179625763e-11,8.097463506751054e-14,0.0,0.0,0.0,5.1148229861938754e-05,0.0,0.0,0.0
ce66c8f7-ab50-4c3b-9901-8fa55eb59370,Auto parts and accessories| CEEIO | 2018,process,7.999186705985789e-11,0.0008662107201052412,0.3711209176547713,0.0,0.3711209176547713,0.0,0.002852371904802692,0.00281300211183623,3.9369792966461694e-05,1.4282276315812441e-08,0.00043586402136771234,0.0,0.00493555979724967,1.0671891953478589e-11,1.0671891953478589e-11,0.0,6.047361199933472e-10,6.029351442635179e-10,1.800975729829349e-12,0.0,0.0,0.0,0.0011375997005517156,0.0,0.0,0.0
057744fd-3f0a-4b6c-aa53-7854defe8c3a,Railroad transport equipment| CEEIO | 2018,process,1.4903233678324014e-12,3.0469918656737804e-05,0.011116178354136514,0.0,0.011116178354136514,0.0,5.01004816389711e-05,4.9376926165236425e-05,7.235554737346766e-07,1.5357474107853502e-10,1.5817037246030155e-05,0.0,0.00017488362435333292,2.9364844484712904e-13,2.9364844484712904e-13,0.0,1.5263675168607587e-11,1.522224320488706e-11,4.143196372052808e-14,0.0,0.0,0.0,4.103010417696097e-05,0.0,0.0,0.0
585aa722-a9e3-48eb-8591-464fb82e7042,Ship building| CEEIO | 2018,process,1.2655757800622187e-12,2.340312668872718e-05,0.008538038228691364,0.0,0.008538038228691364,0.0,3.848083521889595e-05,3.792509168019798e-05,5.55743538697966e-07,1.1795663658113046e-10,1.2148641769586903e-05,0.0,0.00013432341788086063,2.255434887807096e-13,2.255434887807096e-13,0.0,1.1723619210499959e-11,1.1691796431225823e-11,3.18227792741367e-14,0.0,0.0,0.0,3.151412174488217e-05,0.0,0.0,0.0
96ccc4e2-01bb-4850-a61d-90b6d422221c,Other transport machinery| CEEIO | 2018,process,8.856216242067928e-12,0.0002490953407589272,0.09087612823174834,0.0,0.09087612823174834,0.0,0.00040957761281342424,0.00040366245762976996,5.915155183654261e-06,1.2554924380299398e-09,0.00012930622910361085,0.0,0.0014296951853468986,2.4006122319053125e-12,2.4006122319053125e-12,0.0,1.2478242591294614e-10,1.2444371450260261e-10,3.387114103435351e-13,0.0,0.0,0.0,0.0003354261590414302,0.0,0.0,0.0
dcb8588d-0417-4262-9ee8-75a430235243,Generators| CEEIO | 2018,process,4.089889793650331e-12,5.193740343456801e-06,0.002095732517529801,0.0,0.002095732517529801,0.0,1.7841359059963064e-05,1.7611948626909038e-05,2.2941043305402476e-07,4.299662982105592e-11,2.640772348149868e-06,0.0,2.9664913300783487e-05,8.979092894990168e-14,8.979092894990168e-14,0.0,4.928978393786086e-12,4.918756109273332e-12,1.022228451275455e-14,0.0,0.0,0.0,6.898933033563643e-06,0.0,0.0,0.0
9f7691b7-c2bd-4ba4-8186-fbd411663b3d,"Power transmission, distribution and control equipment| CEEIO | 2018",process,4.748677624447468e-12,1.576170897508921e-05,0.006360026463885647,0.0,0.006360026463885647,0.0,5.4144083189966284e-05,5.34478796367405e-05,6.962035532257834e-07,1.3048406761476032e-10,8.014086663658292e-06,0.0,9.00256268697102e-05,2.7249311615938605e-13,2.7249311615938605e-13,0.0,1.4958222369594124e-11,1.4927200280907385e-11,3.102208868673664e-14,0.0,0.0,0.0,2.09365442865567e-05,0.0,0.0,0.0
71a10db9-ed09-4cd8-959f-09d92e0d6ae9,Cable and electrical materials| CEEIO | 2018,process,4.192922176973821e-12,1.1659948956536485e-05,0.004704920262665116,0.0,0.004704920262665116,0.0,4.005385756653959e-05,3.953883106105077e-05,5.150265054888197e-07,9.652744955727425e-11,5.92853488027218e-06,0.0,6.659774112946906e-05,2.0158066808919903e-13,2.0158066808919903e-13,0.0,1.1065558283409586e-11,1.104260925096747e-11,2.2949032442114968e-14,0.0,0.0,0.0,1.5488107164859958e-05,0.0,0.0,0.0
11386a64-490f-40c9-a7f8-2f4e51325fbd,Battery| CEEIO | 2018,process,7.656426718347979e-12,9.355422270487168e-06,0.003775017881319989,0.0,0.003775017881319989,0.0,3.2137426372425045e-05,3.172419210722355e-05,4.132342652014947e-07,7.744931428668082e-11,4.756791599775026e-06,0.0,5.343505300488444e-05,1.617393248093225e-13,1.617393248093225e-13,0.0,8.878509741841503e-12,8.860096463190337e-12,1.8413278651167415e-14,0.0,0.0,0.0,1.2426965438523127e-05,0.0,0.0,0.0
af256675-1f71-4807-a38a-5f2384208be7,Household appliances| CEEIO | 2018,process,1.310166637869985e-12,2.860726103149753e-06,0.0011543350883280667,0.0,0.0011543350883280667,0.0,9.82706839451536e-06,9.70070851304779e-06,1.2635988146756996e-07,2.3682658959168442e-11,1.4545444880288957e-06,0.0,1.633951376374414e-05,4.945708435283181e-14,4.945708435283181e-14,0.0,2.7148945115689304e-12,2.709264049858171e-12,5.630461710759497e-15,0.0,0.0,0.0,3.799950807679759e-06,0.0,0.0,0.0
e04923b4-9adf-4813-bae3-f9e5ecde749b,Other electric machinery and equipment| CEEIO | 2018,process,3.0684342988106364e-12,2.804647347821547e-06,0.0011317066811856141,0.0,0.0011317066811856141,0.0,9.634428573638132e-06,9.510545722344237e-06,1.2388285129389517e-07,2.3218408279653797e-11,1.4260310821602413e-06,0.0,1.6019210609405113e-05,4.848757813914178e-14,4.848757813914178e-14,0.0,2.6616744899497564e-12,2.6561544020648293e-12,5.5200878849273535e-15,0.0,0.0,0.0,3.7254604496659442e-06,0.0,0.0,0.0
430fd37c-15f5-4641-9933-e6f04b3014e4,Computer| CEEIO | 2018,process,2.9462056445657555e-12,8.98250843596236e-06,0.004241767396339945,0.0,0.004241767396339945,0.0,4.5715277976201456e-05,4.5119470746227514e-05,5.958072299739396e-07,5.881827180438801e-11,4.3672050071374315e-06,0.0,5.0781541754284155e-05,1.3019442424641345e-13,1.3019442424641345e-13,0.0,7.007652293418963e-12,6.984711238935508e-12,2.2941054483454738e-14,0.0,0.0,0.0,1.1402461291735233e-05,0.0,0.0,0.0
e655649a-9edb-47b8-8aaa-d9e60f8bf4b9,Communication equipment| CEEIO | 2018,process,1.4075292401628613e-12,6.081779589984428e-06,0.002871969958106453,0.0,0.002871969958106453,0.0,3.0952405614561433e-05,3.054900290398747e-05,4.0340271057395827e-07,3.982403885599675e-11,2.956899897956024e-06,0.0,3.438261665891315e-05,8.81506316143836e-14,8.81506316143836e-14,0.0,4.744665367771174e-12,4.729132686903142e-12,1.553268086803057e-14,0.0,0.0,0.0,7.720255077303821e-06,0.0,0.0,0.0
09f29916-428a-48c3-8d78-9568f59223cd,Radar and broadcasting equipment| CEEIO | 2018,process,6.278255351750107e-13,3.3750202335397213e-07,0.000159376981281762,0.0,0.000159376981281762,0.0,1.7176715084826138e-06,1.6952850952575439e-06,2.2386413225069934e-08,2.2099935542156864e-12,1.6409007982774778e-07,0.0,1.9080274973623127e-06,4.891827480689951e-15,4.891827480689951e-15,0.0,2.633002623767214e-13,2.624382924313283e-13,8.619699453931172e-16,0.0,0.0,0.0,4.284275138299591e-07,0.0,0.0,0.0
43fac32c-d4c3-4ea7-acf1-e94e1bf2952d,Audio-visual equipment| CEEIO | 2018,process,1.7767199811995956e-12,1.439421199698804e-06,0.0006797310526353844,0.0,0.0006797310526353844,0.0,7.325742106249209e-06,7.230265707437854e-06,9.54763988113557e-08,9.425459265467622e-12,6.998320697965362e-07,0.0,8.137596337996126e-06,2.0863282865683103e-14,2.0863282865683103e-14,0.0,1.1229561701140228e-12,1.1192799319671458e-12,3.676238146877084e-15,0.0,0.0,0.0,1.8272117002816117e-06,0.0,0.0,0.0
471e6495-e506-4469-9705-05b848d7de12,Electronic elements and devices| CEEIO | 2018,process,8.656313747930362e-12,5.494294319734987e-05,0.025945445726543035,0.0,0.025945445726543035,0.0,0.0002796247773107042,0.0002759804275139404,3.6443497967637995e-06,3.597713255438258e-10,2.6712704847309903e-05,0.0,0.00031061338644660714,7.963549276885243e-13,7.963549276885243e-13,0.0,4.2863421131075904e-11,4.272309851826037e-11,1.4032261281552828e-13,0.0,0.0,0.0,6.974497018601127e-05,0.0,0.0,0.0
880e9812-867b-4fee-9dc6-9d46fd59cc7e,Other electronic equipment| CEEIO | 2018,process,1.5410388495770195e-11,1.0087358926617487e-05,0.0047635057083606925,0.0,0.0047635057083606925,0.0,5.1338267106968734e-05,5.066917545816396e-05,6.690916488047754e-07,6.605293202495504e-11,4.904372172559678e-06,0.0,5.702768243129357e-05,1.462083667363879e-13,1.462083667363879e-13,0.0,7.869595049155983e-12,7.84383223998308e-12,2.5762809172903633e-14,0.0,0.0,0.0,1.2804966509811332e-05,0.0,0.0,0.0
5168296c-cdcd-4b97-9a14-130a572056d1,"Instruments, meters and other measuring equipment| CEEIO | 2018",process,6.6400742518932315e-12,7.4663389402024724e-06,0.003163081415860514,0.0,0.003163081415860514,0.0,4.024828553439495e-05,3.9741829244721695e-05,5.064562896732494e-07,6.926658706194629e-11,3.6767548978657302e-06,0.0,4.233231124304069e-05,1.7894442627253768e-13,1.7894442627253768e-13,0.0,1.042797085983684e-11,1.0408754382375222e-11,1.921647746161718e-14,0.0,0.0,0.0,9.66438799836315e-06,0.0,0.0,0.0
0d01bdb8-ac57-45a2-9523-4fd367f6154d,Other manufacturing  products| CEEIO | 2018,process,5.980747990172185e-12,1.7859051697630297e-05,0.006659386483132135,0.0,0.006659386483132135,0.0,2.1240128065036477e-05,2.090451580132508e-05,3.3561226371139494e-07,8.691425103898107e-11,9.354250909530197e-06,0.0,0.00010272167877539685,1.7761691271051094e-13,1.7761691271051094e-13,0.0,9.462651762341521e-12,9.440338548428895e-12,2.2313213912625833e-14,0.0,0.0,0.0,2.4265097729844215e-05,0.0,0.0,0.0
ffbc6a67-fb67-4a1c-aaad-b5ab90444e6e,Scrap and waste recycling products| CEEIO | 2018,process,8.483452335518582e-12,9.787870077418145e-05,0.05680665392209244,0.0,0.05680665392209244,0.0,0.0004673644336078184,0.00046113999887569256,6.224434732125837e-06,3.104841613549742e-09,5.0379764189496e-05,0.0,0.0005606555173333403,3.552779298783365e-12,3.552779298783365e-12,0.0,1.8354350779875554e-10,1.832647825417834e-10,2.7872525697215205e-13,0.0,0.0,0.0,0.0001347365679907841,0.0,0.0,0.0
04bfa12f-b699-4916-828c-23f9acf41d5c,"Metal products, machinery and equipment repairs| CEEIO | 2018",process,9.302357577904104e-12,6.652015993214149e-06,0.0034247351873054567,0.0,0.0034247351873054567,0.0,3.885641083839745e-05,3.839303087602148e-05,4.6337996237596466e-07,5.971387262522787e-11,3.159749364106092e-06,0.0,3.7411613500699195e-05,4.293323064146221e-14,4.293323064146221e-14,0.0,2.498395830867307e-12,2.480978311887126e-12,1.741751898018169e-14,0.0,0.0,0.0,8.182124840556027e-06,0.0,0.0,0.0
307f6710-f25e-449b-ab65-a1feb2e981c0,Electricity and heat production and supply| CEEIO | 2018,process,9.227690736866162e-12,0.1419470102421299,34.58980667381649,0.0,34.58980667381649,0.0,0.2804602791847644,0.2786715544378076,0.0017887247469567462,2.1948426545698712e-05,0.07352883903769684,0.0,0.8143026914708112,2.3562640286872808e-09,2.3562640286872808e-09,0.0,2.1339762933296256e-07,2.1332755920606306e-07,7.00701268994911e-11,0.0,0.0,0.0,0.19107153817914407,0.0,0.0,0.0
45bee248-bb54-4d7b-9512-f54c7aadef09,Gas production and supply| CEEIO | 2018,process,8.73319316889878e-12,0.00018477946514504313,0.03987782476372573,0.0,0.03987782476372573,0.0,0.0007795097109538525,0.0007701885424581196,9.321168495732747e-06,1.8570821505198011e-09,9.496319433814137e-05,0.0,0.0010580469649829555,5.736138255267342e-12,5.736138255267342e-12,0.0,2.9765701945421677e-10,2.9735711378825885e-10,2.999056659578685e-13,0.0,0.0,0.0,0.00025127408214077634,0.0,0.0,0.0
a60dd59a-dbd5-4974-8b2d-6427f2ebdda0,Water production and supply| CEEIO | 2018,process,4.875325435648021e-12,7.172032296998983e-06,0.0030177016135994033,0.0,0.0030177016135994033,0.0,6.15951719100234e-05,6.083757611534246e-05,7.575957946809455e-07,1.3465657737255384e-10,3.6030052022712997e-06,0.0,4.0850017498875216e-05,4.588754728865894e-13,4.588754728865894e-13,0.0,2.4441798703427393e-11,2.4413818249232362e-11,2.7980454195030566e-14,0.0,0.0,0.0,9.822670605502288e-06,0.0,0.0,0.0
6f2d4b67-208a-42d2-a58c-f8b775b118f1,Residential building construction| CEEIO | 2018,process,0.0,0.0,0.0,0.0,0.0,0.0,0.0,0.0,0.0,0.0,0.0,0.0,0.0,0.0,0.0,0.0,0.0,0.0,0.0,0.0,0.0,0.0,0.0,0.0,0.0,0.0
d9137260-073c-464b-8d28-64225145783e,Sports stadiums and other building construction| CEEIO | 2018,process,0.0,0.0,0.0,0.0,0.0,0.0,0.0,0.0,0.0,0.0,0.0,0.0,0.0,0.0,0.0,0.0,0.0,0.0,0.0,0.0,0.0,0.0,0.0,0.0,0.0,0.0
2e6c97b5-deec-4623-9a83-332d24258882,"Railway, road, tunnel and bridge engineering construction| CEEIO | 2018",process,0.0,0.0,0.0,0.0,0.0,0.0,0.0,0.0,0.0,0.0,0.0,0.0,0.0,0.0,0.0,0.0,0.0,0.0,0.0,0.0,0.0,0.0,0.0,0.0,0.0,0.0
0f562c58-397e-4761-8df3-2ba59a10d5db,Other engineering construction| CEEIO | 2018,process,0.0,0.0,0.0,0.0,0.0,0.0,0.0,0.0,0.0,0.0,0.0,0.0,0.0,0.0,0.0,0.0,0.0,0.0,0.0,0.0,0.0,0.0,0.0,0.0,0.0,0.0
61e08a99-d420-418d-b5b5-ccd31c66c236,Construction  installation| CEEIO | 2018,process,0.0,0.0,0.0,0.0,0.0,0.0,0.0,0.0,0.0,0.0,0.0,0.0,0.0,0.0,0.0,0.0,0.0,0.0,0.0,0.0,0.0,0.0,0.0,0.0,0.0,0.0
df646776-2a12-4f53-99ef-3afd7a75eda8,Construction decoration and other construction services| CEEIO | 2018,process,2.7622258469236657e-12,3.4962143178225686e-05,0.030562436083425203,0.0,0.030562436083425203,0.0,0.00016375525293930445,0.0001615710689719088,2.1841839673956747e-06,1.0511290471079007e-09,1.8032436698514884e-05,0.0,0.0002003618917732259,1.2661358757810919e-12,1.2661358757810919e-12,0.0,7.057287739378967e-11,7.045660740671634e-11,1.1626998707332915e-13,0.0,0.0,0.0,4.7839141357277955e-05,0.0,0.0,0.0
a75b9938-d54c-4d38-b4c1-a2bae4eabac5,Wholesale  | CEEIO | 2018,process,7.356106420308498e-12,0.0005685491945764626,0.24239885049969223,0.0,0.24239885049969223,0.0,0.01954337286368594,0.019092101651317892,0.0004512712123680461,1.871584014184024e-07,0.00015767662666259577,0.0,0.0029033410897003555,6.251409128656481e-11,6.251409128656481e-11,0.0,3.282329172593412e-09,3.2692107422676173e-09,1.3118430325794549e-11,0.0,0.0,0.0,0.0007756949668618838,0.0,0.0,0.0
6a841a3d-5c81-4ee3-bc53-745e3ce9d556,Retail | CEEIO | 2018,process,1.0659998313546683e-11,0.000627259558815466,0.26742979758344326,0.0,0.26742979758344326,0.0,0.02156148941407593,0.02106361836918426,0.0004978710448916702,2.064850278959046e-07,0.00017395886269713017,0.0,0.0032031501730873323,6.896951344618752e-11,6.896951344618752e-11,0.0,3.621273881536008e-09,3.6068007965382543e-09,1.447308499775329e-11,0.0,0.0,0.0,0.0008557959229044805,0.0,0.0,0.0
7a3e80a4-a476-4a8c-a179-c3b040953c90,Railway transport for passengers| CEEIO | 2018,process,6.49136964528859e-12,0.0013304046917784226,0.23328674904157118,0.0,0.23328674904157118,0.0,0.0023411167578252694,0.0018348810401511864,0.0005062357176740832,1.1871127784667025e-08,0.0006886370649211367,0.0,0.007630739352328575,3.697150158289579e-12,3.697150158289579e-12,0.0,2.6000528168995577e-10,2.4525064945251036e-10,1.475463223744543e-11,0.0,0.0,0.0,0.001834591420919242,0.0,0.0,0.0
895e7783-3264-40c7-be3b-6b06dade1d6c,Railway transport for cargo and auxiliary activities| CEEIO | 2018,process,8.137670308177714e-12,0.0012679222686560482,0.22233044269919525,0.0,0.22233044269919525,0.0,0.002231166267763647,0.0017487058979268359,0.00048246036983681096,1.1313600564742817e-08,0.0006562952423658997,0.0,0.007272361869224993,3.5235135934422275e-12,3.5235135934422275e-12,0.0,2.4779414012904645e-10,2.337324588261343e-10,1.4061681302912316e-11,0.0,0.0,0.0,0.001748429880654886,0.0,0.0,0.0
f8170ad9-ebd7-4dd2-8106-353a4731dc54,Urban public transport and highway transport for passengers| CEEIO | 2018,process,6.349028439771498e-12,0.002475296692553454,0.4340438077884672,0.0,0.4340438077884672,0.0,0.0043557863282787474,0.003413904805043874,0.0009418815232348727,2.2086936045742427e-08,0.0012812500284333811,0.0,0.014197442325092338,6.878766750630075e-12,6.878766750630075e-12,0.0,4.837552195890524e-10,4.5630335279777536e-10,2.7451866791277026e-11,0.0,0.0,0.0,0.0034133659513166125,0.0,0.0,0.0
520cf069-a4d5-49ad-8214-e26aff2f9604,Water transport for passengers| CEEIO | 2018,process,2.46042550275228e-12,2.978436357473509e-05,0.005222694563211426,0.0,0.005222694563211426,0.0,5.241162566313777e-05,4.1078300726071895e-05,1.133332493706588e-05,2.657642356236891e-10,1.5416825300902962e-05,0.0,0.00017083276736643195,8.276975057693654e-14,8.276975057693654e-14,0.0,5.8208542776958465e-12,5.490535741022516e-12,3.303185366733304e-13,0.0,0.0,0.0,4.107181689107358e-05,0.0,0.0,0.0
e1a9afbc-5cfe-4126-ad33-df4675a5270f,Water  transport for cargo and auxiliary activities| CEEIO | 2018,process,7.602497480217372e-12,0.0019820542503740535,0.34755363939350964,0.0,0.34755363939350964,0.0,0.0034878262600432273,0.0027336296895502325,0.0007541965704929948,1.768576090248151e-08,0.0010259404750501114,0.0,0.011368374946544744,5.508062494663408e-12,5.508062494663408e-12,0.0,3.8735925758378926e-10,3.653776141638145e-10,2.1981643419974783e-11,0.0,0.0,0.0,0.0027331982110435707,0.0,0.0,0.0
eb16793e-d2bf-46b1-b18d-0747dd4a699d,Air transport for passengers| CEEIO | 2018,process,1.3406272712619353e-11,0.0024406345130253983,0.4279657871480063,0.0,0.4279657871480063,0.0,0.004294791196603886,0.0033660990686244347,0.0009286921279794511,2.1777647327042427e-08,0.0012633083737462936,0.0,0.013998632099153762,6.782441712601606e-12,6.782441712601606e-12,0.0,4.769810780005012e-10,4.4991362635346204e-10,2.7067451647039137e-11,0.0,0.0,0.0,0.0033655677605965184,0.0,0.0,0.0
bb998fb2-6566-4ba5-88e0-0283c39b0ce4,Air  transport for cargo and auxiliary activities| CEEIO | 2018,process,8.43675146378019e-12,0.0015217427674429269,0.266837921790349,0.0,0.266837921790349,0.0,0.0026778148904434127,0.002098772628526827,0.0005790422619165856,1.3578426894721514e-08,0.000787676471236766,0.0,0.008728188115546803,4.228872273448552e-12,4.228872273448552e-12,0.0,2.973990992017246e-10,2.805224638197499e-10,1.687663538197467e-11,0.0,0.0,0.0,0.0020984413564152297,0.0,0.0,0.0
acba391a-e7f8-46da-97b5-f3ff2cdc8805,Pipeline transport| CEEIO | 2018,process,4.734426654870109e-11,0.0055825788339853265,0.9789064000577242,0.0,0.9789064000577242,0.0,0.009823679171375325,0.007699437713148874,0.002124241458226451,4.981304344141224e-08,0.0028896250341597504,0.0,0.03201973373908039,1.5513799934171005e-11,1.5513799934171005e-11,0.0,1.0910213946603281e-09,1.0291087314376109e-09,6.191266322271723e-11,0.0,0.0,0.0,0.007698222427150442,0.0,0.0,0.0
e4263726-e302-4c29-a347-c02d1bd609ff,Multimodal transport and transport agents| CEEIO | 2018,process,7.569144990693742e-12,0.004302794378921289,0.7544959204188322,0.0,0.7544959204188322,0.0,0.007571638981897627,0.005934371604626523,0.0016372673772711034,3.8393597240732475e-08,0.0022271897493826762,0.0,0.0246793344875555,1.1957321721296077e-11,1.1957321721296077e-11,0.0,8.409089891662182e-10,7.931895628543147e-10,4.77194263119034e-11,0.0,0.0,0.0,0.005933434918210021,0.0,0.0,0.0
70c362c8-803f-4561-beb8-92792f89a3f7,Handling and warehousing| CEEIO | 2018,process,5.5097042187420464e-11,0.01897813971331064,3.3278208833258867,0.0,3.3278208833258867,0.0,0.03339588411687635,0.02617446326857485,0.0072214208483015,1.6934089532622958e-07,0.009823364657837617,0.0,0.10885201956914656,5.2739615756552114e-11,5.2739615756552114e-11,0.0,3.7089590803491314e-09,3.4984851743630925e-09,2.104739059860387e-10,0.0,0.0,0.0,0.026170331868346428,0.0,0.0,0.0
40d2f3eb-97f1-4c4d-b2ff-df1656339b11,Post | CEEIO | 2018,process,1.125834629491474e-11,0.003755650317261363,0.6585540914469126,0.0,0.6585540914469126,0.0,0.006608828087128193,0.005179755906730054,0.001429072180398139,3.3511460915804e-08,0.0019439799238018195,0.0,0.021541106136060292,1.043682666691596e-11,1.043682666691596e-11,0.0,7.339788597431868e-10,6.923274437597067e-10,4.165141598348006e-11,0.0,0.0,0.0,0.005178938329516852,0.0,0.0,0.0
6723ded0-8454-4278-9a0e-72673d396624,Hotels| CEEIO | 2018,process,1.1865514642740271e-11,0.00012619116646988087,0.053801138032217664,0.0,0.053801138032217664,0.0,0.004337709105825974,0.004237548132551844,0.00010016097327412979,4.1540357835209523e-08,3.499679118956687e-05,0.0,0.0006444050968046004,1.3875186484316265e-11,1.3875186484316265e-11,0.0,7.285226168269189e-10,7.256109426202585e-10,2.9116742066604755e-12,0.0,0.0,0.0,0.0001721677800740466,0.0,0.0,0.0
db2ec980-64fb-4f9b-b220-a9534900b641,Eating and drinking places| CEEIO | 2018,process,1.4134788805549538e-11,0.0005007943391014887,0.21351181796218052,0.0,0.21351181796218052,0.0,0.017214359971742626,0.016816867422796644,0.00039749254894598193,1.6485445558575103e-07,0.00013888606789790687,0.0,0.002557345601880269,5.506419379189713e-11,5.506419379189713e-11,0.0,2.8911691096967825e-09,2.879614022278271e-09,1.1555087418511287e-11,0.0,0.0,0.0,0.0006832542407580618,0.0,0.0,0.0
e2ae26ac-8be8-46b7-a52a-f1ed80e2dc74,Telecommunication| CEEIO | 2018,process,6.196311845386416e-12,8.609500823771863e-05,0.03164022746806439,0.0,0.03164022746806439,0.0,0.0013612634379751099,0.0013062719027615733,5.499153521353654e-05,1.2833565862758438e-08,3.5575015888859236e-05,0.0,0.0004702773131129477,4.408700528587415e-12,4.408700528587415e-12,0.0,2.480653705749455e-10,2.464355637186998e-10,1.629806856245675e-12,0.0,0.0,0.0,0.00011910610211943313,0.0,0.0,0.0
04add8d3-514b-4e15-a10d-0e1a5221c2cb,"Broadcasting, television and satellite transmission services| CEEIO | 2018",process,6.337695332424241e-13,5.4168029915728e-07,0.00019906947256434403,0.0,0.00019906947256434403,0.0,8.564603237835334e-06,8.218615336151897e-06,3.459879016834379e-07,8.074440014686098e-11,2.23825813408307e-07,0.0,2.9588237560827667e-06,2.7738033483035882e-14,2.7738033483035882e-14,0.0,1.5607423344751938e-12,1.550488148041735e-12,1.0254186433458861e-14,0.0,0.0,0.0,7.493747935928148e-07,0.0,0.0,0.0
e96fbd7b-be70-41d4-b50c-2e794adf4426,The Internet and related services| CEEIO | 2018,process,1.1604789510772e-11,0.00013537179652996136,0.0497496257058492,0.0,0.0497496257058492,0.0,0.002140387473341453,0.0020539213347327842,8.646613860866892e-05,2.0178903542587413e-08,5.593650446213615e-05,0.0,0.0007394422283763968,6.93203616717934e-12,6.93203616717934e-12,0.0,3.9004647956917166e-10,3.874838468841542e-10,2.5626326850174624e-12,0.0,0.0,0.0,0.00018727690898256833,0.0,0.0,0.0
4b61727a-e04c-466c-ac3d-9730149e3548,Software services| CEEIO | 2018,process,3.4786071103247875e-13,5.259969393301831e-06,0.001933057810037055,0.0,0.001933057810037055,0.0,8.31663085529851e-05,7.980660398898509e-05,3.3597045640000134e-06,7.84065940950322e-10,2.1734534739221526e-06,0.0,2.873156439579283e-05,2.6934929584505134e-13,2.6934929584505134e-13,0.0,1.5155539019864383e-11,1.5055966067188946e-11,9.957295267543712e-14,0.0,0.0,0.0,7.276780205117984e-06,0.0,0.0,0.0
a242fa48-b4cf-427f-8218-1d0503774712,Information technology services| CEEIO | 2018,process,1.4502547865638561e-11,0.0001277522906433535,0.04694942968541481,0.0,0.04694942968541481,0.0,0.002019914114999509,0.0019383147896341374,8.159932536537135e-05,1.9043118406619247e-08,5.278807520323078e-05,0.0,0.0006978221527303341,6.541861169610245e-12,6.541861169610245e-12,0.0,3.6809241289273363e-10,3.6567401996318385e-10,2.418392929549768e-12,0.0,0.0,0.0,0.00017673588384294422,0.0,0.0,0.0
e7219fb6-6e5a-40c3-86ab-1c47606a448b,Finance| CEEIO | 2018,process,4.0971453974243335e-11,0.002468390849726781,0.9071425807846999,0.0,0.9071425807846999,0.0,0.03902816531578298,0.0374515280041432,0.0015766373116397824,3.679453338053171e-07,0.0010199551111776733,0.0,0.013483107096254766,1.2639984903541908e-10,1.2639984903541908e-10,0.0,7.112169490367937e-09,7.065442038763881e-09,4.672745160405593e-11,0.0,0.0,0.0,0.0034148369183781475,0.0,0.0,0.0
df36c787-1bcd-4961-af88-0c8d814e7605,Capital market services| CEEIO | 2018,process,1.4060630200962832e-11,7.079303444341913e-05,0.02601669665632234,0.0,0.02601669665632234,0.0,0.001119321217614099,0.001074103524670516,4.5217692943582754e-05,1.0552610293567708e-08,2.9252141055511794e-05,0.0,0.00038669324397111763,3.625126412779344e-12,3.625126412779344e-12,0.0,2.0397582487991397e-10,2.0263568942639563e-10,1.3401354535183453e-12,0.0,0.0,0.0,9.793694852181198e-05,0.0,0.0,0.0
418cba8b-239e-4c9f-8324-79f74653f82b,Insurance| CEEIO | 2018,process,1.2186485911598312e-11,0.0001601325370804728,0.05884928757164227,0.0,0.05884928757164227,0.0,0.0025318839317137304,0.0024296023449882896,0.00010228158672544085,2.3869809684186992e-08,6.616780307671081e-05,0.0,0.0008746929795538598,8.199969026327737e-12,8.199969026327737e-12,0.0,4.613895505102082e-10,4.583581888530822e-10,3.031361657126022e-12,0.0,0.0,0.0,0.00022153156965254623,0.0,0.0,0.0
dbcfd544-e6ee-4e4e-87c6-04a88e29f302,Real estate| CEEIO | 2018,process,6.908535954507974e-12,0.0004604841003047076,0.1692295752947593,0.0,0.1692295752947593,0.0,0.007280795743498633,0.0069866703564929085,0.00029412538700572435,6.864106469095475e-08,0.00019027501733521074,0.0,0.0025153052407474786,2.358018818947104e-11,2.358018818947104e-11,0.0,1.3267918933296866e-09,1.318074777677679e-09,8.717115652007521e-12,0.0,0.0,0.0,0.0006370458334103428,0.0,0.0,0.0
062d8426-4a3b-4d0f-a317-782093510e43,Leasehold| CEEIO | 2018,process,1.0756440309364577e-11,4.927571304905335e-05,0.0181090030820169,0.0,0.0181090030820169,0.0,0.00077910703450566,0.0007476331179014917,3.1473916604168294e-05,7.345177401032661e-09,2.0361044275816107e-05,0.0,0.00026915904195571136,2.52328057819627e-12,2.52328057819627e-12,0.0,1.4197801089823094e-10,1.4104520542416678e-10,9.32805474064145e-13,0.0,0.0,0.0,6.816931934338533e-05,0.0,0.0,0.0
65404a99-46cb-4e51-b092-ae008dbe2dff,Business services| CEEIO | 2018,process,1.2738382942683873e-11,0.0007144945293149755,0.26257932829036296,0.0,0.26257932829036296,0.0,0.01129699966697493,0.010840629990347267,0.00045636967662766366,1.0650457893245338e-07,0.0002952337743287124,0.0,0.003902788028690136,3.658739889270052e-11,3.658739889270052e-11,0.0,2.0586716212269364e-09,2.0451460045104327e-09,1.3525616716503265e-11,0.0,0.0,0.0,0.0009884505514813667,0.0,0.0,0.0
acc5159e-0967-4f9f-8fa2-9eac1dd7a2a8,Scientific research and experiment| CEEIO | 2018,process,0.0,0.0,0.0,0.0,0.0,0.0,0.0,0.0,0.0,0.0,0.0,0.0,0.0,0.0,0.0,0.0,0.0,0.0,0.0,0.0,0.0,0.0,0.0,0.0,0.0,0.0
fbf9fc56-2a5d-43bb-a058-1d1589fc3bc2,Special technical services| CEEIO | 2018,process,1.6026953035653214e-12,3.889888343040914e-05,0.01429548059968313,0.0,0.01429548059968313,0.0,0.0006150371418243667,0.0005901912261119917,2.48459157123751e-05,5.7983777771823466e-09,1.607327096449974e-05,0.0,0.0002124776192858555,1.9919102332575525e-12,1.9919102332575525e-12,0.0,1.1207927301049466e-10,1.1134290433810738e-10,7.36368672387295e-13,0.0,0.0,0.0,5.3813739925568144e-05,0.0,0.0,0.0
397301c7-f49c-4c4a-b3dc-7950d586f483,Science & technology  promotion and application services| CEEIO | 2018,process,6.619662767563238e-12,4.5270583451654854e-05,0.016637103443528364,0.0,0.016637103443528364,0.0,0.0007157812204208663,0.0006868655035288346,2.8915716892031846e-05,6.748161435424351e-09,1.8706098745513346e-05,0.0,0.00024728179698776763,2.3181883511956335e-12,2.3181883511956335e-12,0.0,1.3043803920746721e-10,1.2958105215553469e-10,8.569870519325262e-13,0.0,0.0,0.0,6.262851756412124e-05,0.0,0.0,0.0
f7181dab-fe0d-45d4-aeb3-22f233c251cb,Water conservancy | CEEIO | 2018,process,3.5759665168863144e-12,3.1792219946570667e-06,0.0011683756020404615,0.0,0.0011683756020404615,0.0,5.026724256281508e-05,4.8236575491059806e-05,2.0306670717552705e-06,4.739038382818426e-10,1.3136751513148226e-06,0.0,1.736588459703398e-05,1.6279965558096972e-13,1.6279965558096972e-13,0.0,9.160285809684252e-12,9.100102090436414e-12,6.018371924783778e-14,0.0,0.0,0.0,4.398219447409004e-06,0.0,0.0,0.0
b7fe0a96-1f6c-45e5-9e32-e9fd024e4a8b,Ecological protection and environmental governance| CEEIO | 2018,process,6.06874616167717e-12,5.5231330408643295e-06,0.00202977140401468,0.0,0.00202977140401468,0.0,8.732723563765262e-05,8.379944034123875e-05,3.5277952964138783e-06,8.232938598832277e-10,2.282194400196953e-06,0.0,3.016904486786595e-05,2.8282521896605624e-13,2.8282521896605624e-13,0.0,1.591379189759446e-11,1.580923717041326e-11,1.0455472718119848e-13,0.0,0.0,0.0,7.640847726827905e-06,0.0,0.0,0.0
115130fe-f58f-4938-a6f8-872797020aa7,Public infrastructure management| CEEIO | 2018,process,3.5506752571721027e-12,1.576958529149549e-05,0.0057953797312184484,0.0,0.0057953797312184484,0.0,0.0002493357086402864,0.00023926318849526576,1.0072520145020679e-05,2.350659063856509e-09,6.516094937312462e-06,0.0,8.613830640811695e-05,8.075192793786385e-13,8.075192793786385e-13,0.0,4.5436873742399186e-11,4.513835030004971e-11,2.985234423494765e-13,0.0,0.0,0.0,2.181605965962497e-05,0.0,0.0,0.0
cba34f24-d45f-4d12-9ea1-302aa77edb86,Residential services| CEEIO | 2018,process,8.896226901429929e-13,9.866279445204827e-06,0.003625893443761877,0.0,0.003625893443761877,0.0,0.00015599749337986203,0.00014969559661902435,6.301896760837686e-06,1.4706955684446207e-09,4.07681066779102e-06,0.0,5.389264119821147e-05,5.052264038951474e-13,5.052264038951474e-13,0.0,2.8427690720615425e-11,2.8240918801841325e-11,1.8677191877409935e-13,0.0,0.0,0.0,1.3649270860103112e-05,0.0,0.0,0.0
2be7d900-6fd4-46d6-96b5-e80679e2556f,Other social services| CEEIO | 2018,process,2.678720018651143e-11,0.0002304224021002328,0.08468106764167901,0.0,0.08468106764167901,0.0,0.003643249448369617,0.003496071558519189,0.0001471778898504278,3.4347416117823286e-08,9.521203126238424e-05,0.0,0.0012586377579699754,1.1799329446984404e-11,1.1799329446984404e-11,0.0,6.639155943621987e-10,6.595536224144334e-10,4.361971947765371e-12,0.0,0.0,0.0,0.00031877242034029744,0.0,0.0,0.0
f64b102d-3bcb-4649-8498-c3a18019b5fe,Education services| CEEIO | 2018,process,5.529844473293865e-13,1.795797717728954e-05,0.006599621678261495,0.0,0.006599621678261495,0.0,0.00028393676069974537,0.00027246644721092965,1.147031348881571e-05,2.6768669587709086e-09,7.4203526602830555e-06,0.0,9.809197337621565e-05,9.19581112708365e-13,9.19581112708365e-13,0.0,5.1742282792524265e-11,5.1402332371159095e-11,3.399504213651657e-13,0.0,0.0,0.0,2.4843538636188125e-05,0.0,0.0,0.0
a409f0e6-09a4-46b8-a2d3-0f93effbac09,Health services| CEEIO | 2018,process,1.9274759945758776e-13,5.750343258716644e-06,0.002113271982306815,0.0,0.002113271982306815,0.0,9.091969667142963e-05,8.724677520624414e-05,3.672921465185494e-06,8.571624587159053e-10,2.3760791360911536e-06,0.0,3.141013669131247e-05,2.944600608465534e-13,2.944600608465534e-13,0.0,1.6568452232074292e-11,1.6459596340650887e-11,1.0885589142340758e-13,0.0,0.0,0.0,7.955176326871413e-06,0.0,0.0,0.0
38658906-a4bb-4382-b698-8d4b5136d320,Social work| CEEIO | 2018,process,0.0,0.0,0.0,0.0,0.0,0.0,0.0,0.0,0.0,0.0,0.0,0.0,0.0,0.0,0.0,0.0,0.0,0.0,0.0,0.0,0.0,0.0,0.0,0.0,0.0,0.0
f805ff25-4258-437f-a131-a6fc4ef1739b,News press| CEEIO | 2018,process,3.023779016745984e-12,4.591951453472243e-06,0.0016875587967772354,0.0,0.0016875587967772354,0.0,7.260415848162841e-05,6.967113756414113e-05,2.9330209174872876e-06,6.844892941296839e-10,1.8974241278552672e-06,0.0,2.508264573854746e-05,2.351418417229629e-13,2.351418417229629e-13,0.0,1.3230780300555265e-11,1.3143853147453055e-11,8.692715310221178e-14,0.0,0.0,0.0,6.352626591713734e-06,0.0,0.0,0.0
b5c49d66-f916-4a34-9c9b-c19744c9e4e4,"Radio, television, film and audio-video| CEEIO | 2018",process,2.3426316022479637e-12,6.93011910507436e-06,0.0025468438804245115,0.0,0.0025468438804245115,0.0,0.000109573341726188,0.00010514686106718809,4.426480658999904e-06,1.0330231890583425e-09,2.8635701688300366e-06,0.0,3.785443382836287e-05,3.548733008696054e-13,3.548733008696054e-13,0.0,1.9967737957374688e-11,1.983654852069024e-11,1.3118943668444934e-13,0.0,0.0,0.0,9.58730930775614e-06,0.0,0.0,0.0
58ee7bb8-b492-40aa-9046-34af1a8b29d0,Culture and arts| CEEIO | 2018,process,8.98699943974854e-13,1.839275296252608e-06,0.000675940335462196,0.0,0.000675940335462196,0.0,2.9081107771618925e-05,2.790630595335333e-05,1.1748018182655944e-06,2.741675869177879e-10,7.600004835066226e-07,0.0,1.004668519234487e-05,9.418448452222971e-14,9.418448452222971e-14,0.0,5.299500137039954e-12,5.2646820500252126e-12,3.4818087014741766e-14,0.0,0.0,0.0,2.5445018909381862e-06,0.0,0.0,0.0
06402cec-1cee-4398-9440-d294d2336d38,Sports| CEEIO | 2018,process,0.0,0.0,0.0,0.0,0.0,0.0,0.0,0.0,0.0,0.0,0.0,0.0,0.0,0.0,0.0,0.0,0.0,0.0,0.0,0.0,0.0,0.0,0.0,0.0,0.0,0.0
01a45edf-ef15-43d2-a31b-75a15701ed31,Recreational services| CEEIO | 2018,process,1.1007407703615562e-11,4.2627725256076756e-05,0.01566584348101064,0.0,0.01566584348101064,0.0,0.0006739945209706514,0.0006467668790611461,2.7227641909505227e-05,6.3542095047243444e-09,1.761405259528716e-05,0.0,0.00023284569579449905,2.18285448501311e-12,2.18285448501311e-12,0.0,1.2282317731149155e-10,1.2201622043547058e-10,8.069568760209899e-13,0.0,0.0,0.0,5.897231792406128e-05,0.0,0.0,0.0
b6693453-7431-46db-b5a2-fbbd1c033507,Social security| CEEIO | 2018,process,1.807082728909674e-12,1.5738602522817002e-06,0.0005783993451471877,0.0,0.0005783993451471877,0.0,2.4884583459215564e-05,2.3879310409638026e-05,1.005273049577537e-06,2.3460406845731465e-10,6.503292656314071e-07,0.0,8.596906903297565e-06,8.059327327083276e-14,8.059327327083276e-14,0.0,4.534760315458013e-12,4.5049666226244076e-12,2.9793692833604777e-14,0.0,0.0,0.0,2.177319728135591e-06,0.0,0.0,0.0
64a08759-3521-43a0-a59d-7a734f491552,Public administration and social organization| CEEIO | 2018,process,1.370288180392431e-13,7.1662889641184166e-06,0.0026336371593173157,0.0,0.0026336371593173157,0.0,0.00011330746523519258,0.00010873013560845534,4.577329626737238e-06,1.0682273373926058e-09,2.9611570865844753e-06,0.0,3.914446595708789e-05,3.6696694257678844e-13,3.6696694257678844e-13,0.0,2.064821368763578e-11,2.0512553477751035e-11,1.3566020988474674e-13,0.0,0.0,0.0,9.914032911419262e-06,0.0,0.0,0.0
